Date,Open,High,Low,Close,Volume,Daily_Return,SMA_20,SMA_50,SMA_200,EMA_20,Rolling_Volatility_20,High_Low_Difference,Open_Close_Difference
2021-08-30,149.0,153.49000549316406,148.61000061035156,153.1199951171875,90956700.0,,,,,153.1199951171875,,4.8800048828125,-4.1199951171875
2021-08-31,152.66000366210938,152.8000030517578,151.2899932861328,151.8300018310547,86453100.0,-0.8424721311841354,,,,152.99713861374627,,1.510009765625,0.8300018310546875
2021-09-01,152.8300018310547,154.97999572753906,152.33999633789062,152.50999450683594,80313700.0,0.44786449817599827,,,,152.95074393689765,,2.6399993896484375,0.32000732421875
2021-09-02,153.8699951171875,154.72000122070312,152.39999389648438,153.64999389648438,71115500.0,0.7474915944589711,,,,153.01733917114402,,2.32000732421875,0.220001220703125
2021-09-03,153.75999450683594,154.6300048828125,153.08999633789062,154.3000030517578,57808700.0,0.42304535053308,,,,153.1394976359644,,1.540008544921875,-0.540008544921875
2021-09-07,154.97000122070312,157.25999450683594,154.38999938964844,156.69000244140625,82278300.0,1.548930228372547,,,,153.47764095076838,,2.8699951171875,-1.720001220703125
2021-09-08,156.97999572753906,157.0399932861328,153.97999572753906,155.11000061035156,74420200.0,-1.0083616098260806,,,,153.63310377549058,,3.05999755859375,1.8699951171875
2021-09-09,155.49000549316406,156.11000061035156,153.9499969482422,154.07000732421875,57305700.0,-0.6704875778740793,,,,153.67471363727424,,2.160003662109375,1.4199981689453125
2021-09-10,155.0,155.47999572753906,148.6999969482422,148.97000122070312,140893200.0,-3.3101874869022163,,,,153.22664578807698,,6.779998779296875,6.029998779296875
2021-09-13,150.6300048828125,151.4199981689453,148.75,149.5500030517578,102404300.0,0.3893413615506436,,,,152.87648933699896,,2.6699981689453125,1.0800018310546875
2021-09-14,150.35000610351562,151.07000732421875,146.91000366210938,148.1199951171875,109296300.0,-0.9562072252685905,,,,152.4234898874931,,4.160003662109375,2.230010986328125
2021-09-15,148.55999755859375,149.44000244140625,146.3699951171875,149.02999877929688,83281300.0,0.6143692223250508,,,,152.1003002581411,,3.07000732421875,-0.470001220703125
2021-09-16,148.44000244140625,148.97000122070312,147.22000122070312,148.7899932861328,68034100.0,-0.16104508832446296,,,,151.78503292747362,,1.75,-0.3499908447265625
2021-09-17,148.82000732421875,148.82000732421875,145.75999450683594,146.05999755859375,129868800.0,-1.8347979371765355,,,,151.23979146377076,,3.0600128173828125,2.760009765625
2021-09-20,143.8000030517578,144.83999633789062,141.27000427246094,142.94000244140625,123478900.0,-2.136105141269684,,,,150.44933536640272,,3.5699920654296875,0.8600006103515625
2021-09-21,143.92999267578125,144.60000610351562,142.77999877929688,143.42999267578125,75834000.0,0.3427943374884501,,,,149.78082653872448,,1.82000732421875,0.5
2021-09-22,144.4499969482422,146.42999267578125,143.6999969482422,145.85000610351562,76404300.0,1.6872436389261614,,,,149.4064626877522,,2.7299957275390625,-1.4000091552734375
2021-09-23,146.64999389648438,147.0800018310547,145.63999938964844,146.8300018310547,64838200.0,0.6719202513049805,,,,149.1610854633048,,1.44000244140625,-0.1800079345703125
2021-09-24,145.66000366210938,147.47000122070312,145.55999755859375,146.9199981689453,53477900.0,0.06129288072487249,,,,148.9476485781277,,1.910003662109375,-1.2599945068359375
2021-09-27,145.47000122070312,145.9600067138672,143.82000732421875,145.3699951171875,74150700.0,-1.0549980064493591,149.65699920654296,,,148.60691967708578,,2.1399993896484375,0.100006103515625
2021-09-28,143.25,144.75,141.69000244140625,141.91000366210938,108972300.0,-2.38012765446467,149.09649963378905,,,147.96911815184993,1.324148805479512,3.05999755859375,1.339996337890625
2021-09-29,142.47000122070312,144.4499969482422,142.02999877929688,142.8300018310547,74602000.0,0.6482969101571312,148.64649963378906,,,147.47967850225038,1.3380989213248642,2.4199981689453125,-0.3600006103515625
2021-09-30,143.66000366210938,144.3800048828125,141.27999877929688,141.5,89056700.0,-0.9311781936598096,148.09599990844725,,,146.91018531155987,1.3332460051190538,3.100006103515625,2.160003662109375
2021-10-01,141.89999389648438,142.9199981689453,139.11000061035156,142.64999389648438,94639600.0,0.812716534617941,147.54599990844727,,,146.5044527958384,1.3361881460235427,3.80999755859375,-0.75
2021-10-04,141.75999450683594,142.2100067138672,138.27000427246094,139.13999938964844,98322000.0,-2.460564077824645,146.7879997253418,,,145.80307628096318,1.4010046957125053,3.94000244140625,2.6199951171875
2021-10-05,139.49000549316406,142.24000549316406,139.36000061035156,141.11000061035156,80861100.0,1.4158410445197056,146.00899963378907,,,145.35611669328588,1.3910091545104455,2.8800048828125,-1.6199951171875
2021-10-06,139.47000122070312,142.14999389648438,138.3699951171875,142.0,83221100.0,0.630713192402288,145.35349960327147,,,145.03648653202055,1.4084637260771184,3.779998779296875,-2.529998779296875
2021-10-07,143.05999755859375,144.22000122070312,142.72000122070312,143.2899932861328,61732700.0,0.9084459761498742,144.8144989013672,,,144.870153841936,1.43827245662479,1.5,-0.2299957275390625
2021-10-08,144.02999877929688,144.17999267578125,142.55999755859375,142.89999389648438,58773200.0,-0.272174895611621,144.51099853515626,,,144.6825195614168,1.2586255552978474,1.6199951171875,1.1300048828125
2021-10-11,142.27000427246094,144.80999755859375,141.80999755859375,142.80999755859375,64452200.0,-0.06297854565047167,144.17399826049805,,,144.5041841325765,1.2515182031880807,3.0,-0.5399932861328125
2021-10-12,143.22999572753906,143.25,141.0399932861328,141.50999450683594,73035900.0,-0.9103025516294383,143.84349822998047,,,144.21902321583931,1.2501437638460358,2.2100067138671875,1.720001220703125
2021-10-13,141.24000549316406,141.39999389648438,139.1999969482422,140.91000366210938,78762700.0,-0.42399185076470447,143.4374984741211,,,143.90387849643648,1.235116775775482,2.1999969482421875,0.3300018310546875
2021-10-14,142.11000061035156,143.8800048828125,141.50999450683594,143.75999450683594,69907100.0,2.022561046524851,143.18599853515624,,,143.89017525933167,1.3377320404354442,2.3700103759765625,-1.649993896484375
2021-10-15,143.77000427246094,144.89999389648438,143.50999450683594,144.83999633789062,67940300.0,0.7512533892058082,143.1249984741211,,,143.9806344096706,1.2918565942125095,1.3899993896484375,-1.0699920654296875
2021-10-18,143.4499969482422,146.83999633789062,143.16000366210938,146.5500030517578,85589200.0,1.180617755525204,143.30549850463868,,,144.2253361851075,1.2186095427032722,3.67999267578125,-3.100006103515625
2021-10-19,147.00999450683594,149.1699981689453,146.5500030517578,148.75999450683594,76378900.0,1.508011879261173,143.5719985961914,,,144.65720840622447,1.2564898501333905,2.6199951171875,-1.75
2021-10-20,148.6999969482422,149.75,148.1199951171875,149.25999450683594,58418800.0,0.3361118704377386,143.74249801635742,,,145.09556898723508,1.2071116365679977,1.6300048828125,-0.55999755859375
2021-10-21,148.80999755859375,149.63999938964844,147.8699951171875,149.47999572753906,61421000.0,0.14739463272126496,143.87499771118163,,,145.5131334386926,1.2002264979034596,1.7700042724609375,-0.6699981689453125
2021-10-22,149.69000244140625,150.17999267578125,148.63999938964844,148.69000244140625,58883400.0,-0.5284943194491021,143.9634979248047,,,145.815692391332,1.2083510903634387,1.5399932861328125,1.0
2021-10-25,148.67999267578125,149.3699951171875,147.6199951171875,148.63999938964844,50720600.0,-0.03362906109138919,144.12699813842772,,,146.08467401021926,1.1796857837021397,1.75,0.0399932861328125
2021-10-26,149.3300018310547,150.83999633789062,149.00999450683594,149.32000732421875,60893400.0,0.4574865025313457,144.49749832153321,,,146.39280099250493,1.023768531400418,1.8300018310546875,0.0099945068359375
2021-10-27,149.36000061035156,149.72999572753906,148.49000549316406,148.85000610351562,56094900.0,-0.31476104851951847,144.79849853515626,,,146.6268205268869,1.0271772215862174,1.239990234375,0.5099945068359375
2021-10-28,149.82000732421875,153.1699981689453,149.72000122070312,152.57000732421875,100077900.0,2.499160946030532,145.35199890136718,,,147.192838317109,1.1094102123974332,3.4499969482421875,-2.75
2021-10-29,147.22000122070312,149.94000244140625,146.41000366210938,149.8000030517578,124953200.0,-1.81556278395828,145.70949935913086,,,147.44113972040887,1.207205499233661,3.529998779296875,-2.5800018310546875
2021-11-01,148.99000549316406,149.6999969482422,147.8000030517578,148.9600067138672,74588300.0,-0.5607452074619768,146.20049972534179,,,147.58579371978587,1.046612732428787,1.899993896484375,0.029998779296875
2021-11-02,148.66000366210938,151.57000732421875,148.64999389648438,150.02000427246094,69122000.0,0.7115987586049588,146.64599990844727,,,147.81762329623112,1.0202663263613578,2.920013427734375,-1.3600006103515625
2021-11-03,150.38999938964844,151.97000122070312,149.82000732421875,151.49000549316406,54511500.0,0.9798701365408391,147.12050018310546,,,148.1673739816533,1.0289653775930072,2.149993896484375,-1.100006103515625
2021-11-04,151.5800018310547,152.42999267578125,150.63999938964844,150.9600067138672,60394600.0,-0.3498572579567205,147.50400085449218,,,148.4333390037689,1.0301387841167504,1.7899932861328125,0.6199951171875
2021-11-05,151.88999938964844,152.1999969482422,150.05999755859375,151.27999877929688,65463900.0,0.21197141706292832,147.92300109863282,,,148.7044494585811,1.0224846770566887,2.1399993896484375,0.6100006103515625
2021-11-08,151.41000366210938,151.57000732421875,150.16000366210938,150.44000244140625,55020900.0,-0.5552593499925207,148.30450134277345,147.58739990234375,,148.86974021885015,1.0372549108197537,1.410003662109375,0.970001220703125
2021-11-09,150.1999969482422,151.42999267578125,150.05999755859375,150.80999755859375,56787900.0,0.24594197765426262,148.76950149536134,147.54119995117188,,149.05452663215905,0.9998075050719776,1.3699951171875,-0.6100006103515625
2021-11-10,150.02000427246094,150.1300048828125,147.85000610351562,147.9199981689453,65187100.0,-1.916318172822462,149.12000122070313,147.4629998779297,,148.94647630232916,1.10832561113046,2.279998779296875,2.100006103515625
2021-11-11,148.9600067138672,149.42999267578125,147.67999267578125,147.8699951171875,41000000.0,-0.03380411869712274,149.32550125122071,147.37019989013672,,148.84395428469662,1.027562541253678,1.75,1.0900115966796875
2021-11-12,148.42999267578125,150.39999389648438,147.47999572753906,149.99000549316406,63804000.0,1.4336988205730705,149.58300170898437,147.2970001220703,,148.95310201883638,1.059550384403168,2.9199981689453125,-1.5600128173828125
2021-11-15,150.3699951171875,151.8800048828125,149.42999267578125,150.0,59222800.0,0.006663448543164918,149.7555015563965,147.21100006103515,,149.052806588471,1.033405143435874,2.45001220703125,0.3699951171875
2021-11-16,149.94000244140625,151.49000549316406,149.33999633789062,151.0,59256200.0,0.6666666666666599,149.86750183105468,147.09720001220703,,149.23825358004518,0.9902140174223327,2.1500091552734375,-1.05999755859375
2021-11-17,151.0,155.0,150.99000549316406,153.49000549316406,88807000.0,1.6490102603735624,150.0790023803711,147.06480010986328,,149.64318233367555,1.049850237628069,4.0099945068359375,-2.4900054931640625
2021-11-18,153.7100067138672,158.6699981689453,153.0500030517578,157.8699951171875,137827700.0,2.853599235957094,150.4985023498535,147.14079986572267,,150.42668831305767,1.2120355318589884,5.6199951171875,-4.1599884033203125
2021-11-19,157.64999389648438,161.02000427246094,156.52999877929688,160.5500030517578,117305600.0,1.6976043690765552,151.09150238037108,147.37239990234374,,151.3908135262672,1.235827547137532,4.4900054931640625,-2.9000091552734375
2021-11-22,161.67999267578125,165.6999969482422,161.0,161.02000427246094,117467900.0,0.2927444483147079,151.71050262451172,147.60179992675782,,152.307879311619,1.2320651873747943,4.6999969482421875,0.6599884033203125
2021-11-23,161.1199951171875,161.8000030517578,159.05999755859375,161.41000366210938,96041900.0,0.24220555167078217,152.31500244140625,147.86760009765624,,153.17474829737998,1.2325502705669715,2.7400054931640625,-0.290008544921875
2021-11-24,160.75,162.13999938964844,159.63999938964844,161.94000244140625,69463600.0,0.3283555958565998,152.9695022583008,148.12580017089843,,154.00953440633486,1.2213359112658837,2.5,-1.19000244140625
2021-11-26,159.57000732421875,160.4499969482422,156.36000061035156,156.80999755859375,76959800.0,-3.1678429081589354,153.18150177001954,148.28620025634766,,154.2762451827405,1.3648174794562902,4.089996337890625,2.760009765625
2021-11-29,159.3699951171875,161.19000244140625,158.7899932861328,160.24000549316406,88748200.0,2.187365594013646,153.70350189208983,148.56980041503905,,154.8442223551618,1.3554930144431931,2.4000091552734375,-0.8700103759765625
2021-11-30,159.99000549316406,165.52000427246094,159.9199981689453,165.3000030517578,174048100.0,3.1577617231232535,154.52050170898437,149.0170004272461,,155.84001099293286,1.4743602949951877,5.600006103515625,-5.30999755859375
2021-12-01,167.47999572753906,170.3000030517578,164.52999877929688,164.77000427246094,152052500.0,-0.3206284147078464,155.25800170898438,149.4438006591797,,156.6904865433641,1.4857689157767324,5.7700042724609375,2.709991455078125
2021-12-02,158.74000549316406,164.1999969482422,157.8000030517578,163.75999450683594,136739200.0,-0.6129815739731703,155.87150115966796,149.8020004272461,,157.3637730160757,1.5002124194250284,6.399993896484375,-5.019989013671875
2021-12-03,164.02000427246094,164.9600067138672,159.72000122070312,161.83999633789062,118023100.0,-1.1724464053185835,156.41550064086914,150.10220031738282,,157.7900799991057,1.5327987450577305,5.2400054931640625,2.1800079345703125
2021-12-06,164.2899932861328,167.8800048828125,164.27999877929688,165.32000732421875,107497000.0,2.1502787105003085,157.11750106811525,150.4702005004883,,158.50721593483075,1.583407464239248,3.600006103515625,-1.0300140380859375
2021-12-07,169.0800018310547,171.5800018310547,168.33999633789062,171.17999267578125,120405400.0,3.5446316791349686,158.15450057983398,150.98640045166016,,159.71414705301652,1.706146433705278,3.2400054931640625,-2.0999908447265625
2021-12-08,172.1300048828125,175.9600067138672,170.6999969482422,175.0800018310547,116998900.0,2.278308985945654,159.36800079345704,151.64980041503907,,161.17756179378205,1.7402680532430916,5.260009765625,-2.9499969482421875
2021-12-09,174.91000366210938,176.75,173.9199981689453,174.55999755859375,108923700.0,-0.29700951966102895,160.70000076293945,152.28440032958986,,162.45207948566886,1.6440499121799734,2.8300018310546875,0.350006103515625
2021-12-10,175.2100067138672,179.6300048828125,174.69000244140625,179.4499969482422,115402700.0,2.8013287454401015,162.27900085449218,153.04340026855468,,164.0709287678187,1.6860513399067583,4.94000244140625,-4.239990234375
2021-12-13,181.1199951171875,182.1300048828125,175.52999877929688,175.74000549316406,153237000.0,-2.0674235264256824,163.56650085449218,153.70520050048827,,165.1822694083278,1.8140162128095358,6.600006103515625,5.3799896240234375
2021-12-14,175.25,177.74000549316406,172.2100067138672,174.3300018310547,139380400.0,-0.8023236702153325,164.78300094604492,154.4090005493164,,166.05348202001608,1.841701563691498,5.529998779296875,0.9199981689453125
2021-12-15,175.11000061035156,179.5,172.30999755859375,179.3000030517578,131063300.0,2.850915601733095,166.1980010986328,155.17280059814453,,167.31505545161053,1.8990912288839468,7.19000244140625,-4.19000244140625
2021-12-16,179.27999877929688,181.13999938964844,170.75,172.25999450683594,150185800.0,-3.9263850669816525,167.1365005493164,155.77800048828124,,167.78600202829867,2.17008927794659,10.389999389648438,7.0200042724609375
2021-12-17,169.92999267578125,173.47000122070312,169.69000244140625,171.13999938964844,195432700.0,-0.6501771466984829,167.80000076293945,156.33500061035156,,168.1054303484272,2.119498456933745,3.779998779296875,-1.2100067138671875
2021-12-20,168.27999877929688,170.5800018310547,167.4600067138672,169.75,107499100.0,-0.8122001838294479,168.26000061035157,156.87200073242187,,168.26205602952936,2.1145233584691168,3.1199951171875,-1.470001220703125
2021-12-21,171.55999755859375,173.1999969482422,169.1199951171875,172.99000549316406,91185900.0,1.908692484927288,168.8585006713867,157.4756008911133,,168.71233693082792,2.1448778942653504,4.0800018310546875,-1.4300079345703125
2021-12-22,173.0399932861328,175.86000061035156,172.14999389648438,175.63999938964844,92135300.0,1.531876878626437,169.57000045776368,158.15820098876952,,169.37211430785845,2.1598191756193006,3.7100067138671875,-2.600006103515625
2021-12-23,175.85000610351562,176.85000610351562,175.27000427246094,176.27999877929688,68356600.0,0.36438134358485197,170.2870002746582,158.86560089111327,,170.03000806704307,2.1597313519193486,1.5800018310546875,-0.42999267578125
2021-12-27,177.08999633789062,180.4199981689453,177.07000732421875,180.3300018310547,74919600.0,2.2974830268908786,171.46300048828124,159.59700103759766,,171.0109598540918,2.019441206453529,3.3499908447265625,-3.2400054931640625
2021-12-28,180.16000366210932,181.3300018310547,178.52999877929688,179.2899932861328,79144300.0,-0.576725189575622,172.41549987792968,160.2860009765625,,171.79943922857188,2.008327428732795,2.8000030517578125,0.8700103759765057
2021-12-29,179.3300018310547,180.6300048828125,178.13999938964844,179.3800048828125,62348900.0,0.05020447322792165,173.11949996948243,160.9426010131836,,172.52139786230907,1.9167118400023473,2.4900054931640625,-0.0500030517578125
2021-12-30,179.47000122070312,180.57000732421875,178.08999633789062,178.1999969482422,59773000.0,-0.6578257901939555,173.79099960327147,161.53140106201172,,173.06221682287415,1.9250988794455044,2.480010986328125,1.2700042724609375
2021-12-31,178.08999633789062,179.22999572753906,177.25999450683594,177.57000732421875,64062300.0,-0.3535295369317071,174.48150024414062,162.09760131835938,,173.4915302039546,1.918705168441835,1.970001220703125,0.519989013671875
2022-01-03,177.8300018310547,182.8800048828125,177.7100067138672,182.009994506836,104487900.0,2.5004150472947906,175.4900001525879,162.7482012939453,,174.30281251851474,1.9336645647065347,5.1699981689453125,-4.179992675781307
2022-01-04,182.6300048828125,182.94000244140625,179.1199951171875,179.6999969482422,99310400.0,-1.2691597320536374,176.20899963378906,163.36840118408202,,174.8168300832507,1.9411610001834543,3.82000732421875,2.9300079345703125
2022-01-05,179.61000061035156,180.1699981689453,174.63999938964844,174.9199981689453,94537600.0,-2.659988236212174,176.39599990844727,163.89400115966797,,174.82665561522163,1.9137713690030227,5.529998779296875,4.69000244140625
2022-01-06,172.6999969482422,175.3000030517578,171.63999938964844,172.0,96904000.0,-1.6693335236175,176.24199981689452,164.3476010131836,,174.55745031853385,1.8833883530540374,3.660003662109375,0.6999969482421875
2022-01-07,172.88999938964844,174.13999938964844,171.02999877929688,172.1699981689453,86709100.0,0.09883614473564784,176.12249984741212,164.81400085449218,,174.33007392333496,1.8829774263110346,3.1100006103515625,0.720001220703125
2022-01-10,169.0800018310547,172.5,168.1699981689453,172.19000244140625,106765600.0,0.011618907285648739,175.7595001220703,165.20640075683593,,174.12625759172272,1.7597794796658741,4.3300018310546875,-3.1100006103515625
2022-01-11,172.32000732421875,175.17999267578125,170.82000732421875,175.0800018310547,76138300.0,1.6783781570778755,175.72649993896485,165.71200073242187,,174.217090376421,1.7489199504748425,4.3599853515625,-2.7599945068359375
2022-01-12,176.1199951171875,177.17999267578125,174.82000732421875,175.52999877929688,74805200.0,0.25702361408266317,175.78649978637696,166.24340057373047,,174.34212927193298,1.7394934840849523,2.3599853515625,0.589996337890625
2022-01-13,175.77999877929688,176.6199951171875,171.7899932861328,172.19000244140625,84505800.0,-1.9028065636177538,175.43099975585938,166.68680053710938,,174.13716481188283,1.6593788343473574,4.8300018310546875,3.589996337890625
2022-01-14,171.33999633789062,173.77999877929688,171.08999633789062,173.07000732421875,80440800.0,0.5110661887074208,175.47150039672852,167.11840057373047,,174.0355307654386,1.4115011666135318,2.69000244140625,-1.730010986328125
2022-01-18,171.50999450683594,172.5399932861328,169.41000366210938,169.8000030517578,90956700.0,-1.8894112983626976,175.40450057983398,167.4952005004883,,173.63214717365946,1.469090394310859,3.1299896240234375,1.709991455078125
2022-01-19,170.0,171.0800018310547,165.94000244140625,166.22999572753906,94815000.0,-2.1024777738847034,175.22850036621094,167.79420043945314,,172.92718036926703,1.5322642751279731,5.1399993896484375,3.7700042724609375
2022-01-20,166.97999572753906,169.67999267578125,164.17999267578125,164.50999450683594,91420500.0,-1.0347117036099251,174.80449981689452,168.0756002807617,,172.1255436204641,1.4699156531468056,5.5,2.470001220703125
2022-01-21,164.4199981689453,166.3300018310547,162.3000030517578,162.41000366210938,122848900.0,-1.276512622240289,174.14300003051758,168.30760040283204,,171.20025410062078,1.4251264469196645,4.029998779296875,2.0099945068359375
2022-01-24,160.02000427246094,162.3000030517578,154.6999969482422,161.6199951171875,162294600.0,-0.486428500159064,173.4099998474121,168.58160034179687,,170.28784848315092,1.4143584881399296,7.600006103515625,-1.5999908447265625
2022-01-25,158.97999572753906,162.75999450683594,157.02000427246094,159.77999877929688,115798400.0,-1.1384707297859231,172.38249969482422,168.81980041503905,,169.28710089230768,1.2674798760970534,5.739990234375,-0.8000030517578125
2022-01-26,163.5,164.38999938964844,157.82000732421875,159.69000244140625,108275300.0,-0.05632515870458432,171.4025001525879,169.0138003540039,,168.37309151603134,1.273214070158781,6.5699920654296875,3.80999755859375
2022-01-27,162.4499969482422,163.83999633789062,158.27999877929688,159.22000122070312,121954600.0,-0.29432100539642514,170.3944999694824,169.19820037841797,,167.501368630762,1.2667027565505755,5.55999755859375,3.2299957275390625
2022-01-28,165.7100067138672,170.35000610351562,162.8000030517578,170.3300018310547,179935700.0,6.977766942076213,170.00100021362306,169.58480041503907,,167.77076226888508,2.112458552901473,7.5500030517578125,-4.6199951171875
2022-01-31,170.16000366210938,175.0,169.50999450683594,174.77999877929688,115541600.0,2.6125737688043937,169.86149978637695,170.0106002807617,,168.43830860321003,2.20362656869093,5.4900054931640625,-4.6199951171875
2022-02-01,174.00999450683594,174.83999633789062,172.30999755859375,174.61000061035156,86213900.0,-0.09726408635577499,169.49150009155272,170.345400390625,,169.02608879436636,2.119946525695675,2.529998779296875,-0.600006103515625
2022-02-02,174.75,175.8800048828125,173.3300018310547,175.83999633789062,84914300.0,0.7044245594408194,169.29850006103516,170.65120025634766,,169.6750323699401,2.1128195737535704,2.5500030517578125,-1.089996337890625
2022-02-03,174.47999572753906,176.24000549316406,172.1199951171875,172.89999389648438,89418100.0,-1.6719759455390393,169.1974998474121,170.88880004882813,,169.98217156294433,2.0604140235449653,4.1200103759765625,1.5800018310546875
2022-02-04,171.67999267578125,174.10000610351562,170.67999267578125,172.38999938964844,82465400.0,-0.2949650230417378,169.21699981689454,171.1083999633789,,170.2114884988209,2.0257850748883626,3.420013427734375,-0.7100067138671875
2022-02-07,172.86000061035156,173.9499969482422,170.9499969482422,171.66000366210938,77251200.0,-0.4234559603942367,169.19150009155274,171.30279998779298,,170.349442323896,2.0282200775023296,3.0,1.1999969482421875
2022-02-08,171.72999572753906,175.35000610351562,171.42999267578125,174.8300018310547,74829200.0,1.8466725511581794,169.32350006103516,171.6632000732422,,170.77616227695873,2.0696578189594392,3.920013427734375,-3.100006103515625
2022-02-09,176.0500030517578,176.64999389648438,174.89999389648438,176.27999877929688,71285000.0,0.8293753549481586,169.38349990844728,171.98399993896484,,171.30033718194332,2.0440409039958407,1.75,-0.2299957275390625
2022-02-10,174.13999938964844,175.47999572753906,171.5500030517578,172.1199951171875,90865900.0,-2.359884099680365,169.2129997253418,172.12039978027343,,171.37839984244278,2.1129238076200645,3.92999267578125,2.0200042724609375
2022-02-11,172.3300018310547,173.0800018310547,168.0399932861328,168.63999938964844,98670700.0,-2.0218427993619836,169.0354995727539,172.1977996826172,,171.1175997993195,2.11849678407465,5.040008544921875,3.69000244140625
2022-02-14,167.3699951171875,169.5800018310547,166.55999755859375,168.8800048828125,86185500.0,0.14231824835904128,168.82599945068358,172.30019989013672,,170.90449552155692,2.114652781793808,3.0200042724609375,-1.510009765625
2022-02-15,170.97000122070312,172.9499969482422,170.25,172.7899932861328,62527400.0,2.3152465006342826,168.97549896240236,172.51919982910155,,171.0840667372308,2.136469265774299,2.6999969482421875,-1.8199920654296875
2022-02-16,171.85000610351562,173.33999633789062,170.0500030517578,172.5500030517578,61177400.0,-0.13889128057177347,169.29149932861327,172.66379974365233,,171.22367971956675,2.0737147476852877,3.2899932861328125,-0.6999969482421875
2022-02-17,171.02999877929688,171.91000366210938,168.47000122070312,168.8800048828125,69589300.0,-2.1269186346200564,169.5099998474121,172.61779998779298,,171.0004725922568,2.121946946973477,3.44000244140625,2.149993896484375
2022-02-18,169.82000732421875,170.5399932861328,166.19000244140625,167.3000030517578,82772700.0,-0.9355766137921773,169.75449981689454,172.46220001220703,,170.64804692173308,2.1112087149654237,4.3499908447265625,2.5200042724609375
2022-02-22,164.97999572753906,166.69000244140625,162.14999389648438,164.32000732421875,91162800.0,-1.7812287347162448,169.8895004272461,172.25740020751954,,170.04537648387458,2.151830178470847,4.540008544921875,0.6599884033203125
2022-02-23,165.5399932861328,166.14999389648438,159.75,160.07000732421875,90009200.0,-2.586416632525068,169.90400085449218,171.86980041503907,,169.09534132581211,2.2191501561566027,6.399993896484375,5.4699859619140625
2022-02-24,152.5800018310547,162.85000610351562,152.0,162.74000549316406,141147500.0,1.6680190209133139,170.05650100708007,171.60980041503908,,168.49007124651231,2.248837457558499,10.850006103515625,-10.160003662109375
2022-02-25,163.83999633789062,165.1199951171875,160.8699951171875,164.85000610351562,91974200.0,1.2965469700934706,170.3380012512207,171.42020050048828,,168.14339837575073,2.2615780233841796,4.25,-1.010009765625
2022-02-28,163.05999755859375,165.4199981689453,162.42999267578125,165.1199951171875,95056600.0,0.1637785888235488,170.07750091552734,171.13660034179688,,167.85545520826852,1.6041171722775984,2.9900054931640625,-2.05999755859375
2022-03-01,164.6999969482422,166.60000610351562,161.97000122070312,163.1999969482422,83474400.0,-1.1627896231359958,169.4985008239746,170.955400390625,,167.41207823112316,1.4801309340136992,4.6300048828125,1.5
2022-03-02,164.38999938964844,167.36000061035156,162.9499969482422,166.55999755859375,79724800.0,2.058823941900667,169.09600067138672,170.8638003540039,,167.33092769088228,1.57367072127404,4.410003662109375,-2.1699981689453125
2022-03-03,168.47000122070312,168.91000366210938,165.5500030517578,166.22999572753906,76678400.0,-0.1981279033932526,168.61550064086913,170.79340026855468,,167.22607702770674,1.5585153554959972,3.3600006103515625,2.2400054931640625
2022-03-04,164.49000549316406,165.5500030517578,162.10000610351562,163.1699981689453,83737200.0,-1.8408215347663681,168.12900085449218,170.5970001220703,,166.8397838030628,1.5669492036348336,3.4499969482421875,1.32000732421875
2022-03-07,163.36000061035156,165.02000427246094,159.0399932861328,159.3000030517578,96418800.0,-2.371756548762427,167.47450103759766,170.2702001953125,,166.12170944579566,1.6354814203812629,5.980010986328125,4.05999755859375
2022-03-08,158.82000732421875,162.8800048828125,155.8000030517578,157.44000244140625,131148300.0,-1.1676086470301161,166.7635009765625,169.8934002685547,,165.2948802072824,1.6449274005470547,7.0800018310546875,1.3800048828125
2022-03-09,161.47999572753906,163.41000366210938,159.41000366210938,162.9499969482422,91454900.0,3.4997423916368176,166.16950073242188,169.54580017089845,,165.07155799213572,1.7990509268141157,4.0,-1.470001220703125
2022-03-10,160.1999969482422,160.38999938964844,155.97999572753906,158.52000427246094,105342000.0,-2.7186209013482565,165.28150100708007,169.130400390625,,164.44760049502383,1.8522415240836037,4.410003662109375,1.67999267578125
2022-03-11,158.92999267578125,159.27999877929688,154.5,154.72999572753906,96970100.0,-2.390870831928371,164.41200103759766,168.63740020751953,,163.52211432669193,1.8538796583381052,4.779998779296875,4.1999969482421875
2022-03-14,151.4499969482422,154.1199951171875,150.10000610351562,150.6199951171875,108732100.0,-2.656240369571772,163.5110008239746,168.08580017089844,,162.29334106864388,1.8861674966618647,4.019989013671875,0.8300018310546875
2022-03-15,150.89999389648438,155.57000732421875,150.3800048828125,155.08999633789062,92964300.0,2.9677342754030223,162.8215003967285,167.63619995117188,,161.60730823714357,2.040014774538159,5.19000244140625,-4.19000244140625
2022-03-16,157.0500030517578,160.0,154.4600067138672,159.58999633789062,102300200.0,2.901541109199557,162.1615005493164,167.18779998779297,,161.41518329435758,2.08488522646924,5.5399932861328125,-2.5399932861328125
2022-03-17,158.61000061035156,161.0,157.6300048828125,160.6199951171875,75615400.0,0.6454030972694147,161.56500015258788,166.80619995117186,,161.33945108700806,2.0969206076170357,3.3699951171875,-2.0099945068359375
2022-03-18,160.50999450683594,164.47999572753906,159.75999450683594,163.97999572753906,123511700.0,2.0918943546848645,161.31999969482422,166.58739990234375,,161.59093152896338,2.1194375952181947,4.720001220703125,-3.470001220703125
2022-03-21,163.50999450683594,166.35000610351562,163.00999450683594,165.3800048828125,95811400.0,0.8537682593916074,161.22399978637696,166.455,,161.9517956579014,2.1212227053904904,3.3400115966796875,-1.8700103759765625
2022-03-22,165.50999450683594,169.4199981689453,164.91000366210938,168.82000732421875,81532000.0,2.08005946295855,161.44899978637696,166.38800018310548,,162.60591105469354,2.1297557080179534,4.5099945068359375,-3.3100128173828125
2022-03-23,167.99000549316406,172.63999938964844,167.64999389648438,170.2100067138672,98062700.0,0.8233617636201895,161.95599975585938,166.34840026855468,,163.3301106412815,2.032883974378871,4.9900054931640625,-2.220001220703125
2022-03-24,171.05999755859375,174.13999938964844,170.2100067138672,174.07000732421875,90131400.0,2.267787120671727,162.52249984741212,166.32820037841796,,164.35295794441836,2.057973380134492,3.92999267578125,-3.010009765625
2022-03-25,173.8800048828125,175.27999877929688,172.75,174.72000122070312,80546200.0,0.3734094727035453,163.0159996032715,166.3120004272461,,165.34029539930265,2.04611414305978,2.529998779296875,-0.839996337890625
2022-03-28,172.1699981689453,175.72999572753906,172.0,175.60000610351562,90371900.0,0.5036657947940837,163.54000015258788,166.3802005004883,,166.3174107044658,2.046238301604362,3.7299957275390625,-3.4300079345703125
2022-03-29,176.69000244140625,179.00999450683594,176.33999633789062,178.9600067138672,100589400.0,1.9134399166084615,164.32800064086913,166.49800048828126,,167.52146746726595,2.0438950181961753,2.6699981689453125,-2.2700042724609375
2022-03-30,178.5500030517578,179.61000061035156,176.6999969482422,177.77000427246094,92633200.0,-0.6649544014093012,164.8885009765625,166.65740051269532,,168.49751859157024,2.023934182322097,2.910003662109375,0.779998779296875
2022-03-31,177.83999633789062,178.02999877929688,174.39999389648438,174.61000061035156,103049300.0,-1.7775797863323284,165.30750122070313,166.82500061035157,,169.0796597362161,2.0764028632239055,3.6300048828125,3.2299957275390625
2022-04-01,174.02999877929688,174.8800048828125,171.94000244140625,174.30999755859375,78751300.0,-0.17181321270783867,165.86450119018554,167.02100067138673,,169.5777871478711,2.0200182822941626,2.94000244140625,-0.279998779296875
2022-04-04,174.57000732421875,178.49000549316406,174.44000244140625,178.44000244140625,76468400.0,2.3693448113463633,166.82150115966797,167.34160064697267,,170.42180765201732,1.9611191220496031,4.0500030517578125,-3.8699951171875
2022-04-05,177.5,178.3000030517578,174.4199981689453,175.05999755859375,73401800.0,-1.8941968373500706,167.70250091552734,167.6104006958008,,170.86354002407222,2.0016482339223716,3.8800048828125,2.44000244140625
2022-04-06,172.36000061035156,173.6300048828125,170.1300048828125,171.8300018310547,89058800.0,-1.8450792714411857,168.14650115966796,167.85140075683594,,170.95558400568962,1.9431581138384715,3.5,0.529998779296875
2022-04-07,171.16000366210938,173.36000061035156,169.85000610351562,172.13999938964844,77594700.0,0.18040944846089424,168.82750091552734,168.10040069580077,,171.06838547082856,1.8110550741232603,3.5099945068359375,-0.9799957275390625
2022-04-08,171.77999877929688,171.77999877929688,169.1999969482422,170.08999633789062,76575500.0,-1.190892912179875,169.59550094604492,168.31780059814454,,170.97520555340589,1.7308340431797555,2.5800018310546875,1.69000244140625
2022-04-11,168.7100067138672,169.02999877929688,165.5,165.75,72246700.0,-2.5515882364234077,170.35200119018555,168.22620056152343,,170.47756692927197,1.7209564199853051,3.529998779296875,2.9600067138671875
2022-04-12,168.02000427246094,169.8699951171875,166.63999938964844,167.66000366210938,79265200.0,1.152340067637625,170.9805015563965,168.0838006591797,,170.2092275704946,1.6290232547663561,3.2299957275390625,0.3600006103515625
2022-04-13,167.38999938964844,171.0399932861328,166.77000427246094,170.39999389648438,70618900.0,1.6342539511671417,171.52100143432617,167.99960052490235,,170.22739579201743,1.5494249674194893,4.269989013671875,-3.0099945068359375
2022-04-14,170.6199951171875,171.27000427246094,165.0399932861328,165.2899932861328,75329400.0,-2.998826756681583,171.75450134277344,167.7886004638672,,169.75716698193318,1.716814221883857,6.230010986328125,5.3300018310546875
2022-04-18,163.9199981689453,166.60000610351562,163.57000732421875,165.07000732421875,69023900.0,-0.13309091345490298,171.80900192260742,167.6320007324219,,169.31077082405562,1.6558721288595957,3.029998779296875,-1.1500091552734375
2022-04-19,165.02000427246094,167.82000732421875,163.91000366210938,167.39999389648438,67723800.0,1.4115141872437453,171.910001373291,167.5322006225586,,169.1287920690488,1.6747774417933392,3.910003662109375,-2.3799896240234375
2022-04-20,168.75999450683594,168.8800048828125,166.10000610351562,167.22999572753906,67929800.0,-0.10155207595194948,171.83050079345702,167.4436004638672,,168.94795432223836,1.6069196383838673,2.779998779296875,1.529998779296875
2022-04-21,168.91000366210938,171.52999877929688,165.91000366210938,166.4199981689453,87227800.0,-0.4843614060203949,171.64100036621093,167.275400390625,,168.7071965933533,1.5967277601687537,5.6199951171875,2.4900054931640625
2022-04-22,166.4600067138672,167.8699951171875,161.5,161.7899932861328,84882400.0,-2.782120498590701,171.02699966430663,166.98560028076173,,168.04841532599897,1.6018016686925327,6.3699951171875,4.670013427734375
2022-04-25,161.1199951171875,163.1699981689453,158.4600067138672,162.8800048828125,96046400.0,0.6737200333224225,170.43499984741212,166.80080047607422,,167.55618575998122,1.610353138804856,4.709991455078125,-1.760009765625
2022-04-26,162.25,162.33999633789062,156.72000122070312,156.8000030517578,95623200.0,-3.7328104425273567,169.49499969482423,166.5640005493164,,166.53178740681707,1.7650342547094229,5.6199951171875,5.4499969482421875
2022-04-27,155.91000366210938,159.7899932861328,155.3800048828125,156.57000732421875,88063200.0,-0.1466809458308127,168.3754997253418,166.31780059814454,,165.58304644656963,1.6713493723605293,4.4099884033203125,-0.660003662109375
2022-04-28,159.25,164.52000427246094,158.92999267578125,163.63999938964844,130216800.0,4.515546870218534,167.66899948120118,166.13480072021486,,165.39799434591046,2.0318968789349716,5.5900115966796875,-4.3899993896484375
2022-04-29,161.83999633789062,166.1999969482422,157.25,157.64999389648438,131747600.0,-3.6604775821961866,166.8209991455078,165.83680053710938,,164.6600895412032,2.140130859822928,8.949996948242188,4.19000244140625
2022-05-02,156.7100067138672,158.22999572753906,153.27000427246094,157.9600067138672,123055300.0,0.19664626031408172,166.00349960327148,165.61840057373047,,164.02198641479026,2.144575606261946,4.959991455078125,-1.25
2022-05-03,158.14999389648438,160.7100067138672,156.32000732421875,159.47999572753906,88966500.0,0.9622619328101267,165.0554992675781,165.4620004272461,,163.5894158731473,2.0682701838854936,4.3899993896484375,-1.3300018310546875
2022-05-04,159.6699981689453,166.47999572753906,159.25999450683594,166.02000427246094,108256500.0,4.10083315784322,164.60349960327147,165.49600036621095,,163.82090048260574,2.2847382342151663,7.220001220703125,-6.350006103515625
2022-05-05,163.85000610351562,164.0800018310547,154.9499969482422,156.77000427246094,130525300.0,-5.571617733980727,163.8504997253418,165.43000030517578,,163.14938655783004,2.558125111616592,9.1300048828125,7.0800018310546875
2022-05-06,156.00999450683594,159.44000244140625,154.17999267578125,157.27999877929688,116124600.0,0.32531383104996703,163.1074996948242,165.32080017089845,,162.59039724558878,2.560138379602485,5.260009765625,-1.2700042724609375
2022-05-09,154.92999267578125,155.8300018310547,151.49000549316406,152.05999755859375,131577900.0,-3.318922470255159,162.20599975585938,165.065,,161.58750203730352,2.636972246207601,4.339996337890625,2.8699951171875
2022-05-10,155.52000427246094,156.74000549316406,152.92999267578125,154.50999450683594,115366700.0,1.611204121779708,161.64399948120118,164.85279998779296,,160.9134537010685,2.6329161356653263,3.8100128173828125,1.010009765625
2022-05-11,153.5,155.4499969482422,145.80999755859375,146.5,142689800.0,-5.184127106082803,160.58599929809571,164.51880004882813,,159.54074382477629,2.821261381369091,9.639999389648438,7.0
2022-05-12,142.77000427246094,146.1999969482422,138.8000030517578,142.55999755859375,182602000.0,-2.6894214617107504,159.19399948120116,164.03880004882814,,157.92352989466366,2.803892489520154,7.399993896484375,0.2100067138671875
2022-05-13,144.58999633789062,148.10000610351562,143.11000061035156,147.11000061035156,113990900.0,3.1916408036466892,158.2849998474121,163.65640014648437,,156.89366996282442,2.8944599753003586,4.9900054931640625,-2.5200042724609375
2022-05-16,145.5500030517578,147.52000427246094,144.17999267578125,145.5399932861328,86643800.0,-1.0672335787539122,157.30849914550782,163.30380004882812,,155.81236742218712,2.8950711296582488,3.3400115966796875,0.010009765625
2022-05-17,148.86000061035156,149.77000427246094,146.67999267578125,149.24000549316406,78336300.0,2.542264929033622,156.4004997253418,163.10260009765625,,155.1864281908516,2.946744982359061,3.0900115966796875,-0.3800048828125
2022-05-18,146.85000610351562,147.36000061035156,139.89999389648438,140.82000732421875,109742900.0,-5.641917621968318,155.0800003051758,162.7702001953125,,153.81819763212465,3.1571568139656576,7.4600067138671875,6.029998779296875
2022-05-19,139.8800048828125,141.66000366210938,136.60000610351562,137.35000610351562,136095600.0,-2.464139355364414,153.6265007019043,162.25820037841797,,152.2497984389238,3.1774466092814486,5.05999755859375,2.529998779296875
2022-05-20,139.08999633789062,140.6999969482422,132.61000061035156,137.58999633789062,137426100.0,0.1747289579252964,152.4165008544922,161.83960021972655,,150.85362681025399,3.1543128016193562,8.089996337890625,1.5
2022-05-23,137.7899932861328,143.25999450683594,137.64999389648438,143.11000061035156,117726300.0,4.011922682885327,151.42800064086913,161.60720031738282,,150.11613860073948,3.3181874925881427,5.6100006103515625,-5.32000732421875
2022-05-24,140.80999755859375,141.97000122070312,137.3300018310547,140.36000061035156,104132700.0,-1.9215987619813357,150.60600051879882,161.4020004272461,,149.1869826016549,3.2520197575930743,4.6399993896484375,0.4499969482421875
2022-05-25,138.42999267578125,141.7899932861328,138.33999633789062,140.52000427246094,92482700.0,0.11399519906925004,149.80350036621093,161.1106005859375,,148.36155609411261,3.254039239750941,3.4499969482421875,-2.0900115966796875
2022-05-26,137.38999938964844,144.33999633789062,137.13999938964844,143.77999877929688,90601500.0,2.319950475175747,148.81050033569335,160.79440063476562,,147.9252173022254,3.110185753115071,7.1999969482421875,-6.3899993896484375
2022-05-27,145.38999938964844,149.67999267578125,145.25999450683594,149.63999938964844,90978500.0,4.075671623385313,148.41000061035157,160.57480072021485,,148.08852988197998,3.1893788829125436,4.4199981689453125,-4.25
2022-05-31,149.07000732421875,150.66000366210938,146.83999633789062,148.83999633789062,103718400.0,-0.5346184543042365,147.95400009155273,160.27200073242187,,148.16009811587622,3.188643617227238,3.82000732421875,0.230010986328125
2022-06-01,149.89999389648438,151.74000549316406,147.67999267578125,148.7100067138672,74286600.0,-0.08733514325567349,147.41550064086914,159.93860076904298,,148.2124703633039,3.1762864033947213,4.0600128173828125,1.1899871826171875
2022-06-02,147.8300018310547,151.27000427246094,146.86000061035156,151.2100067138672,72348100.0,1.6811242600575316,146.67500076293945,159.58640075683593,,148.4979500157385,3.043099514653114,4.410003662109375,-3.3800048828125
2022-06-03,146.89999389648438,147.97000122070312,144.4600067138672,145.3800048828125,88570300.0,-3.8555661478719028,146.10550079345703,159.08980072021484,,148.20100286022173,2.9116013767406255,3.5099945068359375,1.519989013671875
2022-06-06,147.02999877929688,148.57000732421875,144.89999389648438,146.13999938964844,71598400.0,0.5227641225136415,145.54850082397462,158.53120056152343,,148.00471681540523,2.9142947280870515,3.670013427734375,0.8899993896484375
2022-06-07,144.35000610351562,149.0,144.10000610351562,148.7100067138672,67808200.0,1.7585926747997416,145.3810012817383,158.0110006713867,,148.0718872819254,2.8605101555312427,4.899993896484375,-4.3600006103515625
2022-06-08,148.5800018310547,149.8699951171875,147.4600067138672,147.9600067138672,53950200.0,-0.5043372780172639,145.05350189208986,157.45820068359376,,148.06123198972938,2.83397961298488,2.4099884033203125,0.6199951171875
2022-06-09,147.0800018310547,147.9499969482422,142.52999877929688,142.63999938964844,69473000.0,-3.59557115626985,144.86050186157226,156.73180053710936,,147.54492412305498,2.7056403266408147,5.4199981689453125,4.44000244140625
2022-06-10,140.27999877929688,140.75999450683594,137.05999755859375,137.1300048828125,91437900.0,-3.8628677302390724,144.5890022277832,155.9190005493164,,146.5530270525557,2.7765763765749414,3.6999969482421875,3.149993896484375
2022-06-13,132.8699951171875,135.1999969482422,131.44000244140625,131.8800048828125,122207100.0,-3.8284837840460217,143.82750244140624,155.06440063476563,,145.155596369723,2.774685054363623,3.7599945068359375,0.989990234375
2022-06-14,133.1300048828125,133.88999938964844,131.47999572753906,132.75999450683594,84784300.0,0.6672653862921818,143.1885025024414,154.23340057373048,159.22935035705567,143.97506285897185,2.7833831025725964,2.410003662109375,0.3700103759765625
2022-06-15,134.2899932861328,137.33999633789062,132.16000366210938,135.42999267578125,91533000.0,2.0111466401181888,142.49800186157228,153.37320037841798,159.14090034484863,143.16124665104894,2.7560180007829094,5.17999267578125,-1.1399993896484375
2022-06-16,132.0800018310547,132.38999938964844,129.0399932861328,130.05999755859375,108123900.0,-3.9651446559871295,141.96000137329102,152.47320037841797,159.03205032348632,141.91350864224367,2.611411145520846,3.350006103515625,2.0200042724609375
2022-06-17,130.07000732421875,133.0800018310547,129.80999755859375,131.55999755859375,134520300.0,1.1533138767930717,141.6705009460449,151.66780029296876,158.9273003387451,140.92745996761033,2.583430577910755,3.2700042724609375,-1.489990234375
2022-06-21,133.4199981689453,137.05999755859375,133.32000732421875,135.8699951171875,81000500.0,3.2760699593918474,141.58450088500976,150.94240020751954,158.83840034484862,140.44579664852245,2.6966451082381515,3.739990234375,-2.4499969482421875
2022-06-22,134.7899932861328,137.75999450683594,133.91000366210938,135.35000610351562,73409200.0,-0.3827107031419197,141.19650115966797,150.24760040283203,158.7436503601074,139.9604832632837,2.523610378230988,3.8499908447265625,-0.5600128173828125
2022-06-23,136.82000732421875,138.58999633789062,135.6300048828125,138.27000427246094,72433800.0,2.1573683319320303,141.09200134277344,149.69800048828125,158.6515503692627,139.7994852641577,2.545955157096446,2.959991455078125,-1.4499969482421875
2022-06-24,139.89999389648438,141.91000366210938,139.77000427246094,141.66000366210938,89116800.0,2.4517243689154977,141.14900131225585,149.17800048828124,158.5843003845215,139.97667749253407,2.606531751342781,2.1399993896484375,-1.760009765625
2022-06-27,142.6999969482422,143.49000549316406,140.97000122070312,141.66000366210938,70207900.0,0.0,141.0430015563965,148.60320068359374,158.52225036621093,140.13699427058887,2.5523281472211945,2.5200042724609375,1.0399932861328125
2022-06-28,142.1300048828125,143.4199981689453,137.32000732421875,137.44000244140625,67083400.0,-2.9789645006425114,140.43300170898436,148.04620086669922,158.46460037231446,139.8801379059048,2.4380763895277164,6.0999908447265625,4.69000244140625
2022-06-29,137.4600067138672,140.6699981689453,136.6699981689453,139.22999572753906,66242400.0,1.3023815878466127,139.9525016784668,147.52940063476564,158.41300033569337,139.81821960320332,2.467003051491151,4.0,-1.769989013671875
2022-06-30,137.25,138.3699951171875,133.77000427246094,136.72000122070312,98964500.0,-1.802768500939822,139.3530014038086,146.91580078125,158.35600036621094,139.52315118582234,2.48879950928993,4.5999908447265625,0.529998779296875
2022-07-01,136.0399932861328,139.0399932861328,135.66000366210938,138.92999267578125,71051600.0,1.6164360995803317,138.7390007019043,146.34980072021483,158.30550033569335,139.46665989915175,2.4860070750529473,3.3799896240234375,-2.8899993896484375
2022-07-05,137.77000427246094,141.61000061035156,136.92999267578125,141.55999755859375,73353800.0,1.8930432746441683,138.54800033569336,145.8526007080078,158.26935035705566,139.66602539052718,2.395262028605737,4.6800079345703125,-3.7899932861328125
2022-07-06,141.35000610351562,144.1199951171875,141.0800018310547,142.9199981689453,74064300.0,0.9607238159132114,138.3870002746582,145.47520080566406,158.25365036010743,139.97592755990033,2.4032968913039743,3.0399932861328125,-1.5699920654296875
2022-07-07,143.2899932861328,146.5500030517578,143.27999877929688,146.35000610351562,66253700.0,2.399949607133145,138.2690002441406,145.14460083007813,158.27070037841796,140.58298265929227,2.43326411749684,3.2700042724609375,-3.0600128173828125
2022-07-08,145.25999450683594,147.5500030517578,145.0,147.0399932861328,64547800.0,0.4714637197412497,138.2229995727539,144.94940063476562,158.28875038146973,141.1979360523247,2.4334907805751373,2.5500030517578125,-1.779998779296875
2022-07-11,145.6699981689453,146.63999938964844,143.77999877929688,144.8699951171875,63141600.0,-1.4757877230874183,138.33449935913086,144.715400390625,158.28385032653807,141.54765596326402,2.3118983397983524,2.8600006103515625,0.8000030517578125
2022-07-12,145.75999450683594,148.4499969482422,145.0500030517578,145.86000061035156,77588800.0,0.6833751132270249,138.7709991455078,144.35980041503908,158.27900032043456,141.95835545346281,2.1166759708024485,3.399993896484375,-0.100006103515625
2022-07-13,142.99000549316406,146.4499969482422,142.1199951171875,145.49000549316406,71185600.0,-0.25366455206311533,139.45149917602538,144.11660064697264,158.27185035705565,142.2947030762915,1.8852756038373615,4.3300018310546875,-2.5
2022-07-14,144.0800018310547,148.9499969482422,143.25,148.47000122070312,78140700.0,2.04824772494705,140.23699951171875,143.9268005371094,158.28735038757324,142.88282670909263,1.9163998172332293,5.6999969482421875,-4.3899993896484375
2022-07-15,149.77999877929688,150.86000061035156,148.1999969482422,150.1699981689453,76259900.0,1.1450103955445545,140.97399978637696,143.7406005859375,158.32865036010742,143.57684303860242,1.8919468688081487,2.660003662109375,-0.3899993896484375
2022-07-18,150.74000549316406,151.57000732421875,146.6999969482422,147.07000732421875,81420900.0,-2.0643210245224752,141.8245002746582,143.36160064697265,158.34985038757324,143.90952535151825,1.6910646707449744,4.8700103759765625,3.6699981689453125
2022-07-19,147.9199981689453,151.22999572753906,146.91000366210938,151.0,82982400.0,2.6721917998667744,142.7965003967285,143.24620056152344,158.39735038757325,144.58480865137366,1.7489169551809927,4.3199920654296875,-3.0800018310546875
2022-07-20,151.1199951171875,153.72000122070312,150.3699951171875,153.0399932861328,64823400.0,1.3509889312137924,143.65500030517578,143.16140045166014,158.44930038452148,145.39006433087454,1.6502138549492935,3.350006103515625,-1.9199981689453125
2022-07-21,154.5,155.57000732421875,151.94000244140625,155.35000610351562,65086600.0,1.5094177461599134,144.65500030517578,143.2272006225586,158.53035041809082,146.3386302139832,1.6445505697957525,3.6300048828125,-0.850006103515625
2022-07-22,155.38999938964844,156.27999877929688,153.41000366210938,154.08999633789062,66675400.0,-0.8110780277571505,145.44599990844728,143.2188006591797,158.59525039672852,147.07685555911723,1.6404589624968604,2.8699951171875,1.3000030517578125
2022-07-25,154.00999450683594,155.0399932861328,152.27999877929688,152.9499969482422,53623900.0,-0.7398269950948833,146.0104995727539,143.34780059814454,158.65000038146974,147.6362023580815,1.601094740433462,2.7599945068359375,1.05999755859375
2022-07-26,152.25999450683594,153.08999633789062,150.8000030517578,151.60000610351562,55138700.0,-0.8826354178898099,146.50749969482422,143.52860076904298,158.69155044555663,148.01370747669426,1.6245861834405837,2.2899932861328125,0.6599884033203125
2022-07-27,152.5800018310547,157.3300018310547,152.16000366210938,156.7899932861328,78620700.0,3.4234742570348864,147.47499923706056,143.7222006225586,158.7610004425049,148.8495442204503,1.5632744884493701,5.1699981689453125,-4.209991455078125
2022-07-28,156.97999572753906,157.63999938964844,154.41000366210938,157.35000610351562,81378700.0,0.35717382573059453,148.38099975585936,143.95840087890625,158.83370048522949,149.65911201883748,1.557501457077635,3.2299957275390625,-0.3700103759765625
2022-07-29,161.24000549316406,163.6300048828125,159.5,162.50999450683594,101786900.0,3.279306134837845,149.670499420166,144.2238006591797,158.9387004852295,150.88300558912306,1.5551204620740664,4.1300048828125,-1.269989013671875
2022-08-01,161.00999450683594,163.58999633789062,160.88999938964844,161.50999450683594,67829400.0,-0.615346768692393,150.79949951171875,144.63760040283202,159.04170043945314,151.89509977176237,1.579316799466913,2.6999969482421875,-0.5
2022-08-02,160.10000610351562,162.41000366210938,159.6300048828125,160.00999450683594,59907000.0,-0.9287350944318873,151.72199935913085,145.09080017089843,159.12295043945312,152.66794688938842,1.5993965150072451,2.779998779296875,0.0900115966796875
2022-08-03,160.83999633789062,166.58999633789062,160.75,166.1300048828125,82507500.0,3.8247675683253046,152.88249969482422,145.66160034179688,159.22940048217774,153.9500476506669,1.751847270955895,5.839996337890625,-5.290008544921875
2022-08-04,166.00999450683594,167.19000244140625,164.42999267578125,165.80999755859375,55474100.0,-0.19262464022948844,153.85549926757812,146.11560028076173,159.32570045471192,155.0795666895171,1.7205061030683981,2.760009765625,0.1999969482421875
2022-08-05,163.2100067138672,165.85000610351562,163.0,165.35000610351562,56697000.0,-0.27742082012610636,154.77099990844727,146.615400390625,159.40865051269532,156.05770377656458,1.7324762238983564,2.850006103515625,-2.1399993896484375
2022-08-08,166.3699951171875,167.80999755859375,164.1999969482422,164.8699951171875,60276900.0,-0.2902999507769066,155.77099990844727,147.10240020751954,159.48670051574706,156.89696961852866,1.6770156520075261,3.6100006103515625,1.5
2022-08-09,164.02000427246094,165.82000732421875,163.25,164.9199981689453,63135500.0,0.030328776150123637,156.72399978637696,147.5252001953125,159.5639005279541,157.6610675757112,1.6829226772161991,2.57000732421875,-0.899993896484375
2022-08-10,167.67999267578125,169.33999633789062,166.89999389648438,169.24000549316406,70170500.0,2.6194563256017656,157.91149978637696,147.91720031738282,159.66665054321288,158.76382356784958,1.7256730372727827,2.44000244140625,-1.5600128173828125
2022-08-11,170.05999755859375,170.99000549316406,168.19000244140625,168.49000549316406,57149200.0,-0.44315763156265175,158.9125,148.3102005004883,159.76590057373048,159.6901266083557,1.7186737410190278,2.8000030517578125,1.5699920654296875
2022-08-12,169.82000732421875,172.1699981689453,169.39999389648438,172.10000610351562,68039400.0,2.1425606817361276,160.0090003967285,148.77800048828124,159.87980056762694,160.87201989360904,1.7480699250979632,2.7700042724609375,-2.279998779296875
2022-08-15,171.52000427246094,173.38999938964844,171.35000610351562,173.19000244140625,54091700.0,0.6333505515595528,161.31500015258788,149.21760040283203,160.0015005493164,162.04516108863734,1.6233165041418534,2.0399932861328125,-1.6699981689453125
2022-08-16,172.77999877929688,173.7100067138672,171.66000366210938,173.02999877929688,56377100.0,-0.09238620004263787,162.41650009155273,149.77060028076173,160.1038005065918,163.09133610679538,1.5754709303919612,2.0500030517578125,-0.25
2022-08-17,172.77000427246094,176.14999389648438,172.57000732421875,174.5500030517578,79542000.0,0.878462857992468,163.49200057983398,150.3388003540039,160.2275505065918,164.18263772060132,1.568641895662513,3.579986572265625,-1.779998779296875
2022-08-18,173.75,174.89999389648438,173.1199951171875,174.14999389648438,62290100.0,-0.22916594000563784,164.43199996948243,150.84760009765625,160.3535004425049,165.1319097373521,1.5679212448595223,1.779998779296875,-0.399993896484375
2022-08-19,173.02999877929688,173.74000549316406,171.30999755859375,171.52000427246094,70346300.0,-1.5101864577650947,165.30350036621093,151.31880004882814,160.46100044250488,165.74029969307674,1.607949558148444,2.4300079345703125,1.5099945068359375
2022-08-22,169.69000244140625,169.86000061035156,167.13999938964844,167.57000732421875,69026800.0,-2.3029365962279114,166.03450088500978,151.81740020751954,160.54140045166017,165.91455756270932,1.7087382946091965,2.720001220703125,2.1199951171875
2022-08-23,167.0800018310547,168.7100067138672,166.64999389648438,167.22999572753906,54147100.0,-0.20290719210975805,166.81600036621094,152.41940002441407,160.62275039672852,166.03983738793121,1.6870153380067743,2.0600128173828125,-0.149993896484375
2022-08-24,167.32000732421875,168.11000061035156,166.25,167.52999877929688,53841500.0,0.1793954789346408,167.35300064086914,153.13239990234376,160.7040003967285,166.18175752044223,1.541324156815665,1.8600006103515625,-0.209991455078125
2022-08-25,168.77999877929688,170.13999938964844,168.35000610351562,170.02999877929688,51218200.0,1.4922700520600518,167.98700027465821,153.87779998779297,160.80195037841796,166.5482566879522,1.5626253717401537,1.7899932861328125,-1.25
2022-08-26,170.57000732421875,171.0500030517578,163.55999755859375,163.6199951171875,78961000.0,-3.769925135640162,168.0425003051758,154.44160003662108,160.86600036621093,166.26937463359366,1.6702306426702374,7.4900054931640625,6.95001220703125
2022-08-29,161.14999389648438,162.89999389648438,159.82000732421875,161.3800048828125,73314000.0,-1.3690198638440787,168.0360008239746,155.06800018310548,160.93330039978028,165.8037203716145,1.6942963134971851,3.079986572265625,-0.230010986328125
2022-08-30,162.1300048828125,162.55999755859375,157.72000122070312,158.91000366210938,77906200.0,-1.5305497248539135,167.9810012817383,155.61500030517578,160.9885004425049,165.1471759230902,1.7170297014638147,4.839996337890625,3.220001220703125
2022-08-31,160.30999755859375,160.5800018310547,157.13999938964844,157.22000122070312,87991100.0,-1.0634965719336975,167.5355010986328,156.04200042724608,161.02465042114258,164.39220690381524,1.4711727816202154,3.44000244140625,3.089996337890625
2022-09-01,156.63999938964844,158.4199981689453,154.6699981689453,157.9600067138672,74229900.0,0.4706815210650195,167.14300155639648,156.49420043945312,161.0644504547119,163.77961640953447,1.4803362371066777,3.75,-1.32000732421875
2022-09-02,159.75,160.36000061035156,154.97000122070312,155.80999755859375,76957800.0,-1.3611098150736467,166.6660011291504,156.84500030517577,161.08850044250488,163.02060509039725,1.5017738050371274,5.3899993896484375,3.94000244140625
2022-09-06,156.47000122070312,157.08999633789062,153.69000244140625,154.52999877929688,73714800.0,-0.8215126110989845,166.14900131225585,157.10240020751954,161.09370040893555,162.2119759179115,1.5065451084180783,3.399993896484375,1.94000244140625
2022-09-07,154.82000732421875,156.6699981689453,153.61000061035156,155.9600067138672,87449600.0,0.9253917982699811,165.70100173950195,157.38840026855468,161.08415046691894,161.6165502794311,1.5303707686960275,3.05999755859375,-1.1399993896484375
2022-09-08,154.63999938964844,156.36000061035156,152.67999267578125,154.4600067138672,84923800.0,-0.9617850316921195,164.9620018005371,157.7288003540039,161.05370048522948,160.93497470175834,1.3765555041672555,3.6800079345703125,0.17999267578125
2022-09-09,155.47000122070312,157.82000732421875,154.75,157.3699951171875,68028800.0,1.883975318420772,164.40600128173827,158.09160034179686,161.03545043945311,160.5954528365611,1.471929006544158,3.07000732421875,-1.899993896484375
2022-09-12,159.58999633789062,164.25999450683594,159.3000030517578,163.42999267578125,104956000.0,3.8507960517385253,163.97250061035157,158.62580017089843,161.04555038452148,160.86540901172492,1.6604698132959121,4.959991455078125,-3.839996337890625
2022-09-13,159.89999389648438,160.5399932861328,153.3699951171875,153.83999633789062,122656600.0,-5.86795372188239,163.00500030517577,158.92400024414061,161.0050503540039,160.19632209040736,2.0662497626741287,7.1699981689453125,6.05999755859375
2022-09-14,154.7899932861328,157.10000610351562,153.61000061035156,155.30999755859375,87965400.0,0.9555390377639084,162.11900024414064,159.19900024414062,160.99755035400392,159.73095784928228,2.0921259167872024,3.4900054931640625,-0.5200042724609375
2022-09-15,154.64999389648438,155.24000549316406,151.3800048828125,152.3699951171875,90481100.0,-1.8929898188280392,161.0099998474121,159.38800018310548,160.95820030212403,159.02991377955894,2.0865599984611345,3.8600006103515625,2.279998779296875
2022-09-16,151.2100067138672,151.35000610351562,148.3699951171875,150.6999969482422,162278800.0,-1.0960151095764759,159.8375,159.475,160.88520027160644,158.23658836705258,2.0862242233444688,2.980010986328125,0.510009765625
2022-09-19,149.30999755859375,154.55999755859375,149.10000610351562,154.47999572753906,81474200.0,2.5082938658552933,158.9854995727539,159.62380004882812,160.83375022888183,157.87881763947985,2.194737223415887,5.459991455078125,-5.1699981689453125
2022-09-20,153.39999389648438,158.0800018310547,153.0800018310547,156.89999389648438,107689800.0,1.566544689199456,158.45199890136718,159.86440002441407,160.79945022583007,157.78559633062315,2.1978676850315626,5.0,-3.5
2022-09-21,157.33999633789062,158.74000549316406,153.60000610351562,153.72000122070312,101696800.0,-2.026764053209118,157.7764991760254,160.0216000366211,160.75885025024414,157.39839679634503,2.230986947231316,5.1399993896484375,3.6199951171875
2022-09-22,152.3800048828125,154.47000122070312,150.91000366210938,152.74000549316406,86652500.0,-0.6375199842290069,157.03699951171876,160.1666000366211,160.69595024108887,156.95474048175635,2.227365262017255,3.55999755859375,-0.3600006103515625
2022-09-23,151.19000244140625,151.47000122070312,148.55999755859375,150.42999267578125,96029900.0,-1.5123823060790742,156.05699920654297,160.20579986572267,160.59220024108888,156.33333592880632,2.1914112786461732,2.910003662109375,0.760009765625
2022-09-26,149.66000366210938,153.77000427246094,149.63999938964844,150.77000427246094,93339400.0,0.22602646628622214,155.41449966430665,160.21779998779297,160.4706502532959,155.8034948186782,2.0644729061605425,4.1300048828125,-1.1100006103515625
2022-09-27,152.74000549316406,154.72000122070312,149.9499969482422,151.75999450683594,84442700.0,0.6566228071373859,154.93349914550782,160.3115997314453,160.3566502380371,155.4183995508837,2.0634838814580463,4.7700042724609375,0.980010986328125
2022-09-28,147.63999938964844,150.63999938964844,144.83999633789062,149.83999633789062,146691400.0,-1.2651543479456517,154.47999877929686,160.28839965820313,160.20860023498534,154.88712305440816,2.0559014433546814,5.8000030517578125,-2.1999969482421875
2022-09-29,146.10000610351562,146.72000122070312,140.67999267578125,142.47999572753906,128138200.0,-4.911906560485157,153.74299850463868,160.07719970703124,160.04230018615723,153.70549188042062,2.2994376695142114,6.040008544921875,3.6200103759765625
2022-09-30,141.27999877929688,143.10000610351562,138.0,138.1999969482422,124925300.0,-3.0039296095161427,152.75499801635743,159.73419952392578,159.86165016174317,152.228778077356,2.355553088597026,5.100006103515625,3.0800018310546875
2022-10-03,138.2100067138672,143.07000732421875,137.69000244140625,142.4499969482422,114311700.0,3.0752533240588242,152.08699798583984,159.50139953613282,159.6774001312256,151.297465588869,2.4890997494093323,5.3800048828125,-4.239990234375
2022-10-04,145.02999877929688,146.22000122070312,144.25999450683594,146.10000610351562,87830100.0,2.562309044204225,151.66549835205078,159.3643997192383,159.546600189209,150.80246944740676,2.5737549629439167,1.9600067138671875,-1.07000732421875
2022-10-05,144.07000732421875,147.3800048828125,143.00999450683594,146.39999389648438,79471000.0,0.20533044519943644,151.18749771118163,159.26039947509764,159.42290016174317,150.38318606160465,2.561479903639268,4.3700103759765625,-2.329986572265625
2022-10-06,145.80999755859375,147.5399932861328,145.22000122070312,145.42999267578125,68402200.0,-0.662569167447502,150.73599700927736,159.03319946289062,159.30130012512208,149.9114533581929,2.558186271910131,2.3199920654296875,0.3800048828125
2022-10-07,142.5399932861328,143.10000610351562,139.4499969482422,140.08999633789062,85925600.0,-3.671867294799025,149.8719970703125,158.68799926757814,159.1368000793457,148.97607649911646,2.613117205086705,3.6500091552734375,2.4499969482421875
2022-10-10,140.4199981689453,141.88999938964844,138.57000732421875,140.4199981689453,74899000.0,0.23556416566585803,148.72149734497071,158.2461993408203,158.96070007324218,148.161211896243,2.410030638571556,3.3199920654296875,0.0
2022-10-11,139.89999389648438,141.35000610351562,138.22000122070312,138.97999572753906,77033700.0,-1.025496695758199,147.97849731445314,157.79559936523438,158.7742000579834,147.28681035636643,2.0882180617298234,3.1300048828125,0.9199981689453125
2022-10-12,139.1300048828125,140.36000061035156,138.16000366210938,138.33999633789062,70433700.0,-0.4604974883602009,147.12999725341797,157.36219940185546,158.56425003051757,146.43473283079732,2.060601453940319,2.1999969482421875,0.790008544921875
2022-10-13,134.99000549316406,143.58999633789062,134.3699951171875,142.99000549316406,113224000.0,3.36129050048255,146.6609977722168,156.8993994140625,158.38275009155274,146.10666356054654,2.2107226250117087,9.220001220703125,-8.0
2022-10-14,144.30999755859375,144.52000427246094,138.19000244140625,138.3800048828125,88598000.0,-3.224001981433555,146.0449981689453,156.35079956054688,158.17775009155272,145.37079130552425,2.3007382061482513,6.3300018310546875,5.92999267578125
2022-10-17,141.07000732421875,142.89999389648438,140.27000427246094,142.41000366210938,85250900.0,2.912269574429982,145.44149856567384,155.89199951171875,157.99880012512207,145.08881152996094,2.3292140347445667,2.6299896240234375,-1.339996337890625
2022-10-18,145.49000549316406,146.6999969482422,140.61000061035156,143.75,99136600.0,0.9409425626236034,144.78399887084962,155.469599609375,157.82970008850097,144.96130566996464,2.305779369798726,6.089996337890625,1.7400054931640625
2022-10-19,141.69000244140625,144.9499969482422,141.5,143.86000061035156,61758300.0,0.07652216372282528,144.29099884033204,155.04839965820312,157.63895011901855,144.85641947381103,2.2759949627181837,3.4499969482421875,-2.1699981689453125
2022-10-20,143.02000427246094,145.88999938964844,142.64999389648438,143.38999938964844,64522000.0,-0.3267073673773546,143.82349853515626,154.53139953613282,157.4574001312256,144.7167604181765,2.274674073732017,3.2400054931640625,-0.3699951171875
2022-10-21,142.8699951171875,147.85000610351562,142.64999389648438,147.27000427246094,86548600.0,2.7059103837980825,143.66549911499024,154.10699951171875,157.31915016174315,144.95992649953695,2.3497534534518345,5.20001220703125,-4.4000091552734375
2022-10-24,147.19000244140625,150.22999572753906,146.0,149.4499969482422,75981900.0,1.4802693097965003,143.5994987487793,153.65399932861328,157.20640014648438,145.3875522565565,2.374944598137136,4.2299957275390625,-2.2599945068359375
2022-10-25,150.08999633789062,152.49000549316406,149.36000061035156,152.33999633789062,74732300.0,1.9337567404898115,143.62849884033204,153.23699920654298,157.1072501373291,146.04968978811212,2.410907080027924,3.1300048828125,-2.25
2022-10-26,150.9600067138672,151.99000549316406,148.0399932861328,149.35000610351562,88194300.0,-1.9627086164182295,143.60399932861327,152.76339935302735,156.99305015563965,146.36400562767437,2.435803632832675,3.95001220703125,1.6100006103515625
2022-10-27,148.07000732421875,149.0500030517578,144.1300048828125,144.8000030517578,109180200.0,-3.046536903791064,143.71999969482422,152.16839935302735,156.84165016174316,146.2150530013966,2.267220755380983,4.9199981689453125,3.2700042724609375
2022-10-28,148.1999969482422,157.5,147.82000732421875,155.74000549316406,164762400.0,7.555250145606562,144.5970001220703,151.80019958496095,156.7427001953125,147.12219133394586,2.6943028659425905,9.67999267578125,-7.540008544921875
2022-10-31,153.16000366210938,154.24000549316406,151.9199981689453,153.33999633789062,97943200.0,-1.5410357458724877,145.14150009155273,151.43659942626954,156.64845016479492,147.71436323908347,2.671727134139162,2.32000732421875,-0.17999267578125
2022-11-01,155.0800018310547,155.4499969482422,149.1300048828125,150.64999389648438,80379300.0,-1.75427318745901,145.36899948120117,151.09819915771484,156.53635009765625,147.9939471112169,2.662396793844267,6.3199920654296875,4.4300079345703125
2022-11-02,148.9499969482422,152.1699981689453,145.0,145.02999877929688,93604600.0,-3.7304980716090452,145.3004997253418,150.65419921875,156.41250007629395,147.7116663177007,2.802699024628026,7.1699981689453125,3.9199981689453125
2022-11-03,142.05999755859375,142.8000030517578,138.75,138.8800048828125,97918500.0,-4.240497792352105,144.97300033569337,150.08119934082032,156.27575012207032,146.87055570485418,2.9564997143603784,4.0500030517578125,3.17999267578125
2022-11-04,142.08999633789062,142.6699981689453,134.3800048828125,138.3800048828125,140814800.0,-0.3600230288167805,144.88750076293945,149.4481994628906,156.1451001739502,146.0619318170407,2.8416837683435627,8.289993286132812,3.709991455078125
2022-11-07,137.11000061035156,139.14999389648438,135.6699981689453,138.9199981689453,83374600.0,0.3902249364639898,144.81250076293946,148.95419952392578,156.02765014648438,145.3817476600792,2.842636211457931,3.4799957275390625,-1.80999755859375
2022-11-08,140.41000366210938,141.42999267578125,137.49000549316406,139.5,89908500.0,0.4175078021159573,144.8385009765625,148.51659942626952,155.91705017089845,144.82158121626213,2.8339591434771054,3.9399871826171875,0.910003662109375
2022-11-09,138.5,138.5500030517578,134.58999633789062,134.8699951171875,74917800.0,-3.318999915994625,144.66500091552734,148.0357992553711,155.79250015258788,143.87381111158837,2.931790497424202,3.9600067138671875,3.6300048828125
2022-11-10,141.24000549316406,146.8699951171875,139.5,146.8699951171875,118854000.0,8.89745713238388,144.8590003967285,147.82879913330078,155.7284001159668,144.15916196926446,3.483835041102693,7.3699951171875,-5.6299896240234375
2022-11-11,145.82000732421875,150.00999450683594,144.3699951171875,149.6999969482422,93979700.0,1.9268754171310798,145.425,147.66359893798827,155.68080009460448,144.68686053869092,3.4077102062780207,5.6399993896484375,-3.8799896240234375
2022-11-14,148.97000122070312,150.27999877929688,147.42999267578125,148.27999877929688,73374100.0,-0.9485625904429806,145.71849975585937,147.51299896240235,155.5705500793457,145.02906418065342,3.3698984165026045,2.850006103515625,0.69000244140625
2022-11-15,152.22000122070312,153.58999633789062,148.55999755859375,150.0399932861328,89868300.0,1.1869399253607638,146.03299942016602,147.42319885253906,155.4468500518799,145.5062955240324,3.3729823334782805,5.029998779296875,2.1800079345703125
2022-11-16,149.1300048828125,149.8699951171875,147.2899932861328,148.7899932861328,64218300.0,-0.833111207633952,146.27949905395508,147.2797985839844,155.31775001525878,145.81902864423245,3.3818078086776477,2.5800018310546875,0.3400115966796875
2022-11-17,146.42999267578125,151.47999572753906,146.14999389648438,150.72000122070312,80389400.0,1.297135574741759,146.6459991455078,147.20499847412108,155.19215003967284,146.28578793722966,3.3874402180787837,5.3300018310546875,-4.290008544921875
2022-11-18,152.30999755859375,152.6999969482422,149.97000122070312,151.2899932861328,74829600.0,0.3781794458686649,146.8469985961914,147.0833984375,155.0841000366211,146.76237892283947,3.3401850349675137,2.7299957275390625,1.0200042724609375
2022-11-21,150.16000366210938,150.3699951171875,147.72000122070312,148.00999450683594,58724100.0,-2.168020969565021,146.7749984741211,146.7749984741211,154.96220001220703,146.88119945464865,3.3653290066163932,2.649993896484375,2.1500091552734375
2022-11-22,148.1300048828125,150.4199981689453,146.92999267578125,150.17999267578125,51804100.0,1.4661159715434469,146.66699829101563,146.7017984008789,154.8547999572754,147.19537023761367,3.3528164968878236,3.4900054931640625,-2.04998779296875
2022-11-23,149.4499969482422,151.8300018310547,149.33999633789062,151.07000732421875,58301400.0,0.5926319695320093,146.75299835205078,146.6169985961914,154.7359999847412,147.56438329348083,3.323425514756553,2.4900054931640625,-1.6200103759765625
2022-11-25,148.30999755859375,148.8800048828125,147.1199951171875,148.11000061035156,35195900.0,-1.959360938875554,146.91849822998046,146.5317987060547,154.59514999389648,147.61634684746852,3.2776839678883145,1.760009765625,0.1999969482421875
2022-11-28,145.13999938964844,146.63999938964844,143.3800048828125,144.22000122070312,69246000.0,-2.626425881856731,146.3424980163574,146.4021987915039,154.45565002441407,147.29288535920514,2.8290510270157943,3.2599945068359375,0.9199981689453125
2022-11-29,144.2899932861328,144.80999755859375,140.35000610351562,141.1699981689453,83763800.0,-2.114826671711312,145.73399810791017,146.13599884033204,154.31830001831054,146.70975324584705,2.844669955276193,4.459991455078125,3.1199951171875
2022-11-30,141.39999389648438,148.72000122070312,140.5500030517578,148.02999877929688,111380900.0,4.859389884061516,145.60299835205078,145.95859893798828,154.21404998779298,146.8354909156994,3.0527056607556475,8.169998168945312,-6.6300048828125
2022-12-01,148.2100067138672,149.1300048828125,146.61000061035156,148.30999755859375,71250400.0,0.18915002472865705,145.76699829101562,145.8503988647461,154.09165000915527,146.97592011978458,2.9268288784419263,2.5200042724609375,-0.0999908447265625
2022-12-02,145.9600067138672,148.0,145.64999389648438,147.80999755859375,65447400.0,-0.33713168918532155,146.2134979248047,145.7517987060547,153.96794998168946,147.05535606633785,2.7429030617804666,2.350006103515625,-1.8499908447265625
2022-12-05,147.77000427246094,150.9199981689453,145.77000427246094,146.6300048828125,68826400.0,-0.7983172283819839,146.6259979248047,145.67579895019531,153.85669998168945,147.01484642981163,2.750587296491025,5.149993896484375,1.1399993896484375
2022-12-06,147.07000732421875,147.3000030517578,141.9199981689453,142.91000366210938,64727200.0,-2.5369986338581674,146.82549819946288,145.5185989379883,153.7347499847412,146.62390902336378,2.823830053477469,5.3800048828125,4.160003662109375
2022-12-07,142.19000244140625,143.3699951171875,140.0,140.94000244140625,69721100.0,-1.3784907775671984,146.8974983215332,145.3021990966797,153.61784996032713,146.08258458698685,2.8443115468861953,3.3699951171875,1.25
2022-12-08,142.36000061035156,143.52000427246094,141.10000610351562,142.64999389648438,62128300.0,1.213276163940069,147.28649826049804,145.15839904785156,153.53074989318847,145.75567118789138,2.737049891540739,2.4199981689453125,-0.2899932861328125
2022-12-09,142.33999633789062,145.57000732421875,140.89999389648438,142.16000366210938,76097000.0,-0.34349124103753015,147.05099868774414,145.15199920654297,153.4278498840332,145.41322666162642,1.847446897128273,4.670013427734375,0.17999267578125
2022-12-12,142.6999969482422,144.5,141.05999755859375,144.49000549316406,70462700.0,1.6389995575638139,146.79049911499024,145.2777993774414,153.32604988098146,145.32530083605857,1.83149313477451,3.44000244140625,-1.790008544921875
2022-12-13,149.5,149.97000122070312,144.24000549316406,145.47000122070312,93886200.0,0.6782446468835079,146.64999923706054,145.33819946289063,153.22779991149903,145.33908182507233,1.8308065740742823,5.7299957275390625,4.029998779296875
2022-12-14,145.35000610351562,146.66000366210938,141.16000366210938,143.2100067138672,82291200.0,-1.5535811424151502,146.30849990844726,145.28039947509765,153.12784996032715,145.13631276686232,1.8335620902663343,5.5,2.1399993896484375
2022-12-15,141.11000061035156,141.8000030517578,136.02999877929688,136.5,98931900.0,-4.685431463789913,145.69400024414062,145.08239959716798,152.97754997253418,144.31380678906592,2.086593976317017,5.7700042724609375,4.6100006103515625
2022-12-16,136.69000244140625,137.64999389648438,133.72999572753906,134.50999450683594,160156900.0,-1.4578794821714758,144.88349990844728,144.86399963378906,152.81894996643067,143.38011038123452,2.0587539858852075,3.9199981689453125,2.1800079345703125
2022-12-19,135.11000061035156,135.1999969482422,131.32000732421875,132.3699951171875,79592600.0,-1.5909593911548892,143.9375,144.709599609375,152.66494995117188,142.3315279751348,2.0592554720574716,3.8799896240234375,2.7400054931640625
2022-12-20,131.38999938964844,133.25,129.88999938964844,132.3000030517578,77432800.0,-0.052876080691643956,143.1520004272461,144.54719970703124,152.5299499511719,141.3761446490989,2.031077329299026,3.3600006103515625,-0.910003662109375
2022-12-21,132.97999572753906,136.80999755859375,132.75,135.4499969482422,85928000.0,2.3809477126406797,142.41550064086914,144.4765997314453,152.41999992370606,140.81174962996968,2.0881322455287386,4.05999755859375,-2.470001220703125
2022-12-22,134.35000610351562,134.55999755859375,130.3000030517578,132.22999572753906,77852100.0,-2.377261936693542,141.47350006103517,144.35439971923827,152.26639991760254,139.9944397345001,2.112239924096534,4.2599945068359375,2.1200103759765625
2022-12-23,130.9199981689453,132.4199981689453,129.63999938964844,131.86000061035156,63814900.0,-0.27981178941416385,140.66100006103517,144.13179962158202,152.133099899292,139.21973124648596,2.0904101356811786,2.779998779296875,-0.94000244140625
2022-12-27,131.3800048828125,131.41000366210938,128.72000122070312,130.02999877929688,69007800.0,-1.387836965405731,139.95149993896484,143.9647994995117,152.0095999145508,138.3445186305632,2.0437540775125473,2.69000244140625,1.350006103515625
2022-12-28,129.6699981689453,131.02999877929688,125.87000274658205,126.04000091552734,85438400.0,-3.068521034551308,139.19500007629395,143.63739944458007,151.88669994354248,137.17265980055979,2.0940021134741658,5.1599960327148295,3.6299972534179688
2022-12-29,127.98999786376952,130.47999572753906,127.7300033569336,129.61000061035156,75703700.0,2.832433885189234,138.27400016784668,143.3545994567871,151.75929996490478,136.4524065443495,1.8539938238751386,2.7499923706054688,-1.6200027465820455
2022-12-30,128.41000366210938,129.9499969482422,127.43000030517578,129.92999267578125,77034200.0,0.246888406699175,137.35499992370606,143.0759992980957,151.61099994659423,135.8312242711525,1.8554067587506562,2.5199966430664062,-1.519989013671875
2023-01-03,130.27999877929688,130.89999389648438,124.16999816894533,125.06999969482422,112117500.0,-3.7404704494091168,136.21800003051757,142.70959930419923,151.43324996948243,134.80634574007362,1.9779113364750227,6.729995727539048,5.209999084472656
2023-01-04,126.88999938964844,128.66000366210938,125.08000183105467,126.36000061035156,89113600.0,1.0314231379827232,135.20449981689453,142.29139923095704,151.2451499938965,134.00193191819534,2.020487481146919,3.5800018310547017,0.529998779296875
2023-01-05,127.12999725341795,127.7699966430664,124.76000213623048,125.0199966430664,80962700.0,-1.0604653061194957,134.30999946594238,141.80279922485352,151.04334995269775,133.1465095110402,1.9771734806264225,3.0099945068359233,2.1100006103515483
2023-01-06,126.01000213623048,130.2899932861328,124.88999938964844,129.6199951171875,87754700.0,3.6794101724815675,133.74399909973144,141.34839920043945,150.8473498916626,132.81065099733993,2.1907248312078353,5.399993896484375,-3.609992980957017
2023-01-09,130.47000122070312,133.41000366210938,129.88999938964844,130.14999389648438,70790800.0,0.4088865910060413,133.11899909973144,140.96439895629882,150.64704982757567,132.55725508297274,2.166901790977906,3.5200042724609375,0.32000732421875
2023-01-10,130.25999450683594,131.25999450683594,128.1199951171875,130.72999572753906,63896200.0,0.4456410743407302,132.54749870300293,140.68299880981445,150.43034976959228,132.38323038245525,2.1758232455991964,3.1399993896484375,-0.470001220703125
2023-01-11,131.25,133.50999450683594,130.4600067138672,133.49000549316406,69458900.0,2.111229140844828,131.99749870300292,140.23799880981446,150.2241997909546,132.48863753585607,2.201475419741444,3.04998779296875,-2.2400054931640625
2023-01-12,133.8800048828125,134.25999450683594,131.44000244140625,133.41000366210938,71379600.0,-0.05993095195339082,131.39449882507324,139.83939895629882,150.01324977874756,132.57638669073734,2.1890939639911005,2.8199920654296875,0.470001220703125
2023-01-13,132.02999877929688,134.9199981689453,131.66000366210938,134.75999450683594,57809700.0,1.0119112567793076,130.97199821472168,139.52159896850586,149.7922497177124,132.7843493398896,2.1936496863497217,3.2599945068359375,-2.7299957275390625
2023-01-17,134.8300018310547,137.2899932861328,134.1300048828125,135.94000244140625,63646600.0,0.8756366745847899,130.943998336792,139.33979904174805,149.58309970855714,133.08488773051022,1.9441995184927683,3.1599884033203125,-1.1100006103515625
2023-01-18,136.82000732421875,138.61000061035156,135.02999877929688,135.2100067138672,69672800.0,-0.5369984658148752,130.97899894714357,139.26639907836915,149.3860997390747,133.28728001463946,1.9186567326787338,3.5800018310546875,1.6100006103515625
2023-01-19,134.0800018310547,136.25,133.77000427246094,135.27000427246094,58280400.0,0.04437360817584057,131.12399940490724,139.20419906616212,149.19089977264403,133.47611089633673,1.8797896790298756,2.4799957275390625,-1.19000244140625
2023-01-20,135.27999877929688,138.02000427246094,134.22000122070312,137.8699951171875,80223600.0,1.9220749335452592,131.40249900817872,139.18319900512697,148.98804973602296,133.89457606022728,1.9213548147591288,3.8000030517578125,-2.589996337890625
2023-01-23,138.1199951171875,143.32000732421875,137.89999389648438,141.11000061035156,81760300.0,2.350043960188808,131.68549919128418,139.215399017334,148.81829975128173,134.58175935071532,1.9195404128202058,5.420013427734375,-2.9900054931640625
2023-01-24,140.30999755859375,143.16000366210938,140.3000030517578,142.52999877929688,66435100.0,1.0063058343160014,132.20049934387208,139.36859909057617,148.67179973602296,135.33873453438974,1.8251415261476727,2.8600006103515625,-2.220001220703125
2023-01-25,140.88999938964844,142.42999267578125,138.80999755859375,141.86000061035156,65799300.0,-0.47007519447381796,132.70049934387208,139.26839920043946,148.52039974212647,135.95980749400516,1.8293164500924062,3.6199951171875,-0.970001220703125
2023-01-26,143.1699981689453,144.25,141.89999389648438,143.9600067138672,54105100.0,1.4803370185255682,133.3969997406006,139.15359939575194,148.38974979400635,136.7217312292301,1.7953699631710538,2.350006103515625,-0.790008544921875
2023-01-27,143.16000366210938,147.22999572753906,143.0800018310547,145.92999267578125,70555800.0,1.3684258613779976,134.3914993286133,139.10659927368164,148.29064975738527,137.59870850985402,1.5903138572522222,4.149993896484375,-2.769989013671875
2023-01-30,144.9600067138672,145.5500030517578,142.85000610351562,143.0,64015300.0,-2.0078070464177533,135.0609992980957,138.965799407959,148.1673497390747,138.11311722320124,1.6242378512661377,2.6999969482421875,1.9600067138671875
2023-01-31,142.6999969482422,144.33999633789062,142.27999877929688,144.2899932861328,65874500.0,0.9020932070858745,135.77899932861328,138.875799407959,148.03679973602294,138.70139113395663,1.6253578056170013,2.05999755859375,-1.589996337890625
2023-02-01,143.97000122070312,146.61000061035156,141.32000732421875,145.42999267578125,77663600.0,0.7900751560697472,136.79699897766113,138.76999923706055,147.9374997329712,139.34221032841612,1.275786356693389,5.2899932861328125,-1.459991455078125
2023-02-02,148.89999389648438,151.17999267578125,148.1699981689453,150.82000732421875,118339000.0,3.706260688917107,138.0199993133545,138.76059951782227,147.8662497329712,140.4353338518259,1.4354398365640837,3.0099945068359375,-1.920013427734375
2023-02-03,148.02999877929688,157.3800048828125,147.8300018310547,154.5,154357300.0,2.4399897209064214,139.49399948120117,138.89039962768555,147.80174976348877,141.77482586593771,1.3969167067262682,9.550003051757812,-6.470001220703125
2023-02-06,152.57000732421875,153.10000610351562,150.77999877929688,151.72999572753906,69858300.0,-1.792883024246561,140.59949951171876,138.9213996887207,147.72424976348876,142.7229372813283,1.3955394211806955,2.32000732421875,0.8400115966796875
2023-02-07,150.63999938964844,155.22999572753906,150.63999938964844,154.64999389648438,83322600.0,1.9244699473851767,141.82449951171876,138.99299942016603,147.66539974212645,143.8588474351527,1.4142202041243495,4.589996337890625,-4.0099945068359375
2023-02-08,153.8800048828125,154.5800018310547,151.1699981689453,151.9199981689453,64120100.0,-1.7652737376545935,142.88399963378907,139.0691993713379,147.61604976654053,144.62657607646628,1.5311694254687103,3.410003662109375,1.9600067138671875
2023-02-09,153.77999877929688,154.3300018310547,150.4199981689453,150.8699951171875,56007100.0,-0.6911552556695955,143.75299911499025,139.20219924926758,147.5559997177124,145.22118741367782,1.5297157658294043,3.910003662109375,2.910003662109375
2023-02-10,149.4600067138672,151.33999633789062,149.22000122070312,151.00999450683594,57450700.0,0.09279472007650558,144.63299865722655,139.3989991760254,147.52704967498778,145.77250237493098,1.5264950294082678,2.1199951171875,-1.54998779296875
2023-02-13,150.9499969482422,154.25999450683594,150.9199981689453,153.85000610351562,62199000.0,1.880677902118011,145.58749923706054,139.51539932250978,147.51344966888428,146.54178844432,1.550038364662109,3.339996337890625,-2.9000091552734375
2023-02-14,152.1199951171875,153.77000427246094,150.86000061035156,153.1999969482422,61707600.0,-0.42249537178183916,146.45049896240235,139.61319931030275,147.46124965667724,147.17590353993162,1.5683088009995891,2.910003662109375,-1.0800018310546875
2023-02-15,153.11000061035156,155.5,152.8800048828125,155.3300018310547,65573800.0,1.3903426404976438,147.4564987182617,139.76359939575195,147.4496496963501,147.9524843295624,1.5531930061766661,2.6199951171875,-2.220001220703125
2023-02-16,153.50999450683594,156.3300018310547,153.35000610351562,153.7100067138672,68167900.0,-1.0429376798369527,148.37849884033204,139.90519943237305,147.42839969635008,148.50081979473427,1.5960607768057296,2.9799957275390625,-0.20001220703125
2023-02-17,152.35000610351562,153.0,150.85000610351562,152.5500030517578,59144100.0,-0.7546702305912589,149.11249923706055,140.09799942016602,147.3937497329712,148.88645629540318,1.5962763336678976,2.149993896484375,-0.1999969482421875
2023-02-21,150.1999969482422,151.3000030517578,148.41000366210938,148.47999572753906,58867200.0,-2.6679824600448265,149.48099899291992,140.24879928588868,147.3060496902466,148.8477457651304,1.6852492865521127,2.8899993896484375,1.720001220703125
2023-02-22,148.8699951171875,149.9499969482422,147.16000366210938,148.91000366210938,51011300.0,0.28960664530148783,149.79999923706055,140.37399948120117,147.26674968719482,148.85367508865224,1.6763273104815362,2.7899932861328125,-0.040008544921875
2023-02-23,150.08999633789062,150.33999633789062,147.24000549316406,149.39999389648438,48394200.0,0.32905125399556034,150.1769989013672,140.51879928588866,147.22734966278077,148.90570545130294,1.6682040196687928,3.0999908447265625,0.69000244140625
2023-02-24,147.11000061035156,147.19000244140625,145.72000122070312,146.7100067138672,55469600.0,-1.8005269695533066,150.3144989013672,140.56319931030274,147.20059970855712,148.69659128583285,1.704100336086653,1.470001220703125,0.399993896484375
2023-02-27,147.7100067138672,149.1699981689453,147.4499969482422,147.9199981689453,44998500.0,0.8247504598905886,150.41399917602538,140.61219924926758,147.16764972686767,148.62263003660547,1.6871950852686044,1.720001220703125,-0.209991455078125
2023-02-28,147.0500030517578,149.0800018310547,146.8300018310547,147.41000366210938,50547000.0,-0.3447772533457294,150.63449935913087,140.6961991882324,147.17219974517823,148.507141810463,1.618398775686941,2.25,-0.3600006103515625
2023-03-01,146.8300018310547,147.22999572753906,145.00999450683594,145.30999755859375,55479000.0,-1.4246021649447993,150.6854995727539,140.8723991394043,147.18594974517822,148.20265188171354,1.6459679794654225,2.220001220703125,1.5200042724609375
2023-03-02,144.3800048828125,146.7100067138672,143.89999389648438,145.91000366210938,52238100.0,0.41291453691869595,150.70950012207032,141.10039932250976,147.179949760437,147.98430443222742,1.6391654285507506,2.8100128173828125,-1.529998779296875
2023-03-03,148.0399932861328,151.11000061035156,147.3300018310547,151.02999877929688,70732300.0,3.5090089703815774,150.71999969482422,141.47359939575196,147.20739978790283,148.27437056051977,1.6163106739398756,3.779998779296875,-2.9900054931640625
2023-03-06,153.7899932861328,156.3000030517578,153.4600067138672,153.8300018310547,87558000.0,1.853938339660255,150.68649978637694,141.90419937133788,147.2303497695923,148.80347830057073,1.5748976196859554,2.839996337890625,-0.040008544921875
2023-03-07,153.6999969482422,154.02999877929688,151.1300048828125,151.60000610351562,56182000.0,-1.4496494188358522,150.68000030517578,142.22719955444336,147.28424976348876,149.0698142818036,1.556206034569664,2.899993896484375,2.0999908447265625
2023-03-08,152.80999755859375,153.47000122070312,151.8300018310547,152.8699951171875,47204800.0,0.837723590066819,150.59100036621095,142.63999954223632,147.36184970855712,149.43173626612588,1.503828548068135,1.6399993896484375,-0.05999755859375
2023-03-09,153.55999755859375,154.5399932861328,150.22999572753906,150.58999633789062,53833600.0,-1.4914625839747453,150.5245002746582,143.0145994567871,147.42684970855714,149.5420467491511,1.4885325506466365,4.30999755859375,2.970001220703125
2023-03-10,150.2100067138672,150.94000244140625,147.61000061035156,148.5,68572400.0,-1.38787196275717,150.40600051879883,143.38399948120116,147.45379970550536,149.4428042016129,1.5126907795904843,3.3300018310546875,1.7100067138671875
2023-03-13,147.80999755859375,153.13999938964844,147.6999969482422,150.47000122070312,84457100.0,1.3266001486216261,150.37900085449218,143.87259948730468,147.50434970855713,149.54063248914528,1.5444320405828984,5.44000244140625,-2.660003662109375
2023-03-14,151.27999877929688,153.39999389648438,150.10000610351562,152.58999633789062,73695900.0,1.408915464869298,150.31600036621094,144.33219940185546,147.5646996688843,149.8310480937877,1.5174573146495676,3.29998779296875,-1.30999755859375
2023-03-15,151.19000244140625,153.25,149.9199981689453,152.99000549316406,77167900.0,0.26214638237991306,150.30550079345704,144.79339965820313,147.6107497024536,150.1319011794426,1.5158634825795958,3.3300018310546875,-1.8000030517578125
2023-03-16,152.16000366210938,156.4600067138672,151.63999938964844,155.85000610351562,76161100.0,1.8694035607962345,150.33150100708008,145.40899978637697,147.64179973602296,150.6764826007829,1.5424738267275195,4.82000732421875,-3.69000244140625
2023-03-17,156.0800018310547,156.74000549316406,154.27999877929688,155.0,98944600.0,-0.545400109224925,150.39600067138673,145.98179977416993,147.6725997543335,151.0882461626131,1.5282395887338698,2.4600067138671875,1.0800018310546875
2023-03-20,155.07000732421875,157.82000732421875,154.14999389648438,157.39999389648438,73641400.0,1.5483831590221708,150.63850021362305,146.62939971923828,147.7160496902466,151.68936499441037,1.5507911320670056,3.670013427734375,-2.329986572265625
2023-03-21,157.32000732421875,159.39999389648438,156.5399932861328,159.27999877929688,73938300.0,1.1944122971497162,151.17850036621093,147.22259979248048,147.75639965057374,152.4122824977329,1.413447913802891,2.8600006103515625,-1.959991455078125
2023-03-22,159.3000030517578,162.13999938964844,157.80999755859375,157.8300018310547,75701800.0,-0.9103446505241086,151.6245002746582,147.77619995117186,147.81864963531496,152.92825576757306,1.4418263063947256,4.3300018310546875,1.470001220703125
2023-03-23,158.8300018310547,161.5500030517578,157.67999267578125,158.92999267578125,67622100.0,0.6969466083539766,152.10100021362305,148.34019989013672,147.8825996017456,153.499849758831,1.4445454979942984,3.8700103759765625,-0.0999908447265625
2023-03-24,158.86000061035156,160.33999633789062,157.85000610351562,160.25,59196500.0,0.8305589788276002,152.7779998779297,148.87539978027343,147.94029956817627,154.1427212103709,1.358558150525824,2.489990234375,-1.3899993896484375
2023-03-27,159.94000244140625,160.77000427246094,157.8699951171875,158.27999877929688,52390300.0,-1.2293299349161457,153.29599990844727,149.3727996826172,147.9918995285034,154.5367476455067,1.4056485519863513,2.9000091552734375,1.660003662109375
2023-03-28,157.97000122070312,158.49000549316406,155.97999572753906,157.64999389648438,45992200.0,-0.39803189769477276,153.80799942016603,149.83059967041015,148.06694950103758,154.83324728845696,1.4070804163682078,2.510009765625,0.32000732421875
2023-03-29,159.3699951171875,161.0500030517578,159.35000610351562,160.77000427246094,51305700.0,1.9790742129842442,154.58099975585938,150.32719970703124,148.18514949798583,155.39865271550497,1.3873912156958161,1.6999969482421875,-1.4000091552734375
2023-03-30,161.52999877929688,162.47000122070312,161.27000427246094,162.36000061035156,49501700.0,0.9889881791605992,155.40349960327148,150.87019958496094,148.33754947662354,156.0616382292999,1.391115614488637,1.1999969482421875,-0.8300018310546875
2023-03-31,162.44000244140625,165.0,161.91000366210938,164.89999389648438,68749800.0,1.5644205941022005,156.09699935913085,151.4627993774414,148.49824947357178,156.90338638807938,1.2318681457177445,3.089996337890625,-2.459991455078125
2023-04-03,164.27000427246094,166.2899932861328,164.22000122070312,166.1699981689453,56976200.0,0.770166355044366,156.7139991760254,152.02879943847657,148.6519495010376,157.78592084339994,1.1898637111912025,2.0699920654296875,-1.899993896484375
2023-04-04,166.60000610351562,166.83999633789062,165.11000061035156,165.6300048828125,46278300.0,-0.3249643690696802,157.41549911499024,152.51919952392578,148.8297995376587,158.53297646620115,1.1228716047153569,1.7299957275390625,0.970001220703125
2023-04-05,164.74000549316406,165.0500030517578,161.8000030517578,163.75999450683594,51511700.0,-1.1290287513422759,157.95999908447266,152.94379943847656,148.9907995223999,159.03078770816637,1.1721250964144514,3.25,0.980010986328125
2023-04-06,162.42999267578125,164.9600067138672,162.0,164.66000366210938,45390100.0,0.5495903672834368,158.6634994506836,153.39979949951172,149.1347495651245,159.5669035133038,1.0891670273089564,2.9600067138671875,-2.230010986328125
2023-04-10,161.4199981689453,162.02999877929688,160.0800018310547,162.02999877929688,47716900.0,-1.597233586979263,159.33999938964843,153.76119934082033,149.26814952850341,159.80148401482694,1.1086256320569976,1.9499969482421875,-0.6100006103515625
2023-04-11,162.35000610351562,162.36000061035156,160.50999450683594,160.8000030517578,47644200.0,-0.7591160506113748,159.85649948120118,154.05859954833986,149.3807995223999,159.89658106596323,1.119158572700355,1.850006103515625,1.5500030517578125
2023-04-12,161.22000122070312,162.05999755859375,159.77999877929688,160.10000610351562,50133100.0,-0.43532147696344614,160.23199996948242,154.40059967041014,149.47299953460694,159.91595487906346,1.1021670158855237,2.279998779296875,1.1199951171875
2023-04-13,161.6300048828125,165.8000030517578,161.4199981689453,165.55999755859375,68445600.0,3.4103630524210393,160.8604995727539,154.82599975585939,149.59249950408935,160.45348275330443,1.3098084450017258,4.3800048828125,-3.92999267578125
2023-04-14,164.58999633789062,166.32000732421875,163.82000732421875,165.2100067138672,49386500.0,-0.21139819394035975,161.3284996032715,155.22160003662108,149.73134952545166,160.9064850352628,1.2692691787630621,2.5,-0.6200103759765625
2023-04-17,165.08999633789062,165.38999938964844,164.02999877929688,165.22999572753906,41516200.0,0.01209915432451858,161.83999938964843,155.5097998046875,149.86134952545166,161.3182479583367,1.2557843225634688,1.3600006103515625,-0.1399993896484375
2023-04-18,166.10000610351562,167.41000366210938,165.64999389648438,166.47000122070312,49923000.0,0.7504723871135432,162.2934997558594,155.74919982910157,150.01009952545166,161.80889112618112,1.227308278054495,1.760009765625,-0.3699951171875
2023-04-19,165.8000030517578,168.16000366210938,165.5399932861328,167.6300048828125,47720200.0,0.6968244450070493,162.71100006103515,156.06720001220702,150.15359958648682,162.36328291252696,1.2129177323731148,2.6200103759765625,-1.8300018310546875
2023-04-20,166.08999633789062,167.8699951171875,165.55999755859375,166.64999389648438,52456400.0,-0.5846274281344988,163.15199966430663,156.30720001220703,150.27904956817628,162.7715411014753,1.1984380308840454,2.30999755859375,-0.55999755859375
2023-04-21,165.0500030517578,166.4499969482422,164.49000549316406,165.02000427246094,58337300.0,-0.9780916193947831,163.4565002441406,156.56920013427734,150.38954959869386,162.98568045109297,1.2259090869995928,1.959991455078125,0.029998779296875
2023-04-24,165.0,165.60000610351562,163.88999938964844,165.3300018310547,41949600.0,0.1878545331279513,163.71050033569335,156.85840026855467,150.48444957733153,163.2089491539465,1.2167692139665685,1.7100067138671875,-0.3300018310546875
2023-04-25,165.19000244140625,166.30999755859375,163.72999572753906,163.77000427246094,48714100.0,-0.94356592349637,163.98500061035156,157.1136004638672,150.56809963226317,163.2623829747574,1.2011346408098542,2.5800018310546875,1.4199981689453125
2023-04-26,163.05999755859375,165.27999877929688,162.8000030517578,163.75999450683594,45498800.0,-0.006112087295517821,164.29050064086914,157.3118002319336,150.6625496292114,163.30977454924107,1.1944305021705892,2.4799957275390625,-0.6999969482421875
2023-04-27,165.19000244140625,168.55999755859375,165.19000244140625,168.41000366210938,64902300.0,2.839526936524983,164.67250061035156,157.61600036621093,150.7752996444702,163.79551065522855,1.2747905410393212,3.3699951171875,-3.220001220703125
2023-04-28,168.49000549316406,169.85000610351562,167.8800048828125,169.67999267578125,55275900.0,0.7541054486406518,165.03850021362305,157.90300018310546,150.8962495803833,164.35593751432882,1.2685945404909973,1.970001220703125,-1.1899871826171875
2023-05-01,169.27999877929688,170.4499969482422,168.63999938964844,169.58999633789062,52472900.0,-0.05303886243240852,165.27300033569335,158.22059997558594,151.00184955596924,164.854419307049,1.2299000549157324,1.80999755859375,-0.30999755859375
2023-05-02,170.08999633789062,170.35000610351562,167.5399932861328,168.5399932861328,48425700.0,-0.6191420923589042,165.39150009155273,158.54039978027345,151.0936995315552,165.20542635267603,1.2321085643340957,2.8100128173828125,1.5500030517578125
2023-05-03,169.5,170.9199981689453,167.16000366210938,167.4499969482422,65136000.0,-0.6467285993302041,165.4824996948242,158.9197998046875,151.19559947967528,165.4191949808252,1.2397238136211812,3.7599945068359375,2.0500030517578125
2023-05-04,164.88999938964844,167.0399932861328,164.30999755859375,165.7899932861328,81235400.0,-0.9913429037699317,165.58399963378906,159.25739959716796,151.26954944610597,165.45450910514023,1.2331273214326968,2.7299957275390625,-0.899993896484375
2023-05-05,170.97999572753906,174.3000030517578,170.75999450683594,173.57000732421875,113453200.0,4.692692172716728,166.02949981689454,159.74079986572266,151.37219951629638,166.22741369743343,1.6089024908202532,3.540008544921875,-2.5900115966796875
2023-05-08,172.47999572753906,173.85000610351562,172.11000061035156,173.5,55962800.0,-0.04033376808469935,166.60299987792968,160.27659973144532,151.4629494857788,166.92004096434454,1.5500920285051734,1.7400054931640625,-1.0200042724609375
2023-05-09,173.0500030517578,173.5399932861328,171.60000610351562,171.77000427246094,45326900.0,-0.9971156931060876,167.15149993896483,160.75359985351562,151.55134952545166,167.3819422317842,1.559967249280626,1.9399871826171875,1.279998779296875
2023-05-10,173.02000427246094,174.02999877929688,171.89999389648438,173.55999755859375,53724500.0,1.0420872338650744,167.82449951171876,161.27659973144532,151.6543995285034,167.9703284533851,1.5562038961180646,2.1300048828125,-0.5399932861328125
2023-05-11,173.85000610351562,174.58999633789062,172.1699981689453,173.75,49514700.0,0.10947363682816125,168.23399963378907,161.84539978027342,151.76514949798585,168.5207733625865,1.3878189884871506,2.4199981689453125,0.100006103515625
2023-05-12,173.6199951171875,174.05999755859375,171.0,172.57000732421875,45533100.0,-0.6791324752697836,168.60199966430665,162.37859985351562,151.84404956817627,168.90641469226577,1.3999038948025597,3.05999755859375,1.04998779296875
2023-05-15,173.16000366210938,173.2100067138672,171.47000122070312,172.07000732421875,37266700.0,-0.2897374855299284,168.94400024414062,162.79940002441407,151.91764957427978,169.20770922864227,1.4039670408845712,1.7400054931640625,1.089996337890625
2023-05-16,171.99000549316406,173.13999938964844,171.8000030517578,172.07000732421875,42110300.0,0.0,169.2240005493164,163.16420013427734,151.9654496383667,169.48030904726858,1.398843167074898,1.339996337890625,-0.0800018310546875
2023-05-17,171.7100067138672,172.92999267578125,170.4199981689453,172.69000244140625,57951600.0,0.36031562201266354,169.47700042724608,163.58600006103515,152.02134967803954,169.78599413242455,1.394248441505927,2.5099945068359375,-0.9799957275390625
2023-05-18,173.0,175.24000549316406,172.5800018310547,175.0500030517578,65496700.0,1.3666110237923634,169.89700088500976,164.02960021972658,152.09654972076416,170.2873283152182,1.4077621774351696,2.660003662109375,-2.0500030517578125
2023-05-19,176.38999938964844,176.38999938964844,174.94000244140625,175.16000366210938,55809500.0,0.06283953638037687,170.40400085449218,164.52100036621093,152.14169971466063,170.75139263396974,1.3786999950219478,1.4499969482421875,1.2299957275390625
2023-05-22,173.97999572753906,174.7100067138672,173.4499969482422,174.1999969482422,43570900.0,-0.5480741572254533,170.84750061035157,165.03500030517577,152.1836497116089,171.07983114009093,1.39181853141931,1.260009765625,-0.220001220703125
2023-05-23,173.1300048828125,173.3800048828125,171.27999877929688,171.55999755859375,50747300.0,-1.5154991021227304,171.23700027465821,165.45680023193358,152.21469966888426,171.12556127518644,1.4235923671093818,2.100006103515625,1.57000732421875
2023-05-24,171.08999633789062,172.4199981689453,170.52000427246094,171.83999633789062,45143500.0,0.163207497832496,171.64100036621093,165.8418002319336,152.2495496749878,171.1936027097297,1.4225418486293437,1.899993896484375,-0.75
2023-05-25,172.41000366210938,173.89999389648438,171.69000244140625,172.99000549316406,56058300.0,0.6692325301335345,171.87000045776367,166.24180023193358,152.28989971160888,171.3646886891044,1.2913844758839044,2.209991455078125,-0.5800018310546875
2023-05-26,173.32000732421875,175.77000427246094,173.11000061035156,175.42999267578125,54835000.0,1.4104787011603337,172.15750045776366,166.6333999633789,152.32084964752198,171.75186049735933,1.315866729178997,2.660003662109375,-2.1099853515625
2023-05-30,176.9600067138672,178.99000549316406,176.57000732421875,177.3000030517578,55964400.0,1.0659581907596527,172.54300079345703,167.07940002441407,152.36489963531494,172.28025502634966,1.3293875849209151,2.4199981689453125,-0.339996337890625
2023-05-31,177.3300018310547,179.35000610351562,176.75999450683594,177.25,99625300.0,-0.02820251037627397,172.9785011291504,167.47640014648437,152.39064960479737,172.7535640714592,1.3160024865183422,2.5900115966796875,0.0800018310546875
2023-06-01,177.6999969482422,180.1199951171875,176.92999267578125,180.08999633789062,68901800.0,1.6022546335066945,173.61050109863282,167.89260009765624,152.42514957427977,173.45227190635745,1.3304227538050701,3.19000244140625,-2.3899993896484375
2023-06-02,181.02999877929688,181.77999877929688,179.25999450683594,180.9499969482422,61996900.0,0.47753935689909266,174.36850128173828,168.355,152.46474956512452,174.16634095796553,1.2911177387830723,2.5200042724609375,0.0800018310546875
2023-06-05,182.6300048828125,184.9499969482422,178.0399932861328,179.5800018310547,121946500.0,-0.7571125395372968,174.66900100708008,168.76800018310547,152.48989955902098,174.68192770778353,0.8461456341720265,6.910003662109375,3.0500030517578125
2023-06-06,179.97000122070312,180.1199951171875,177.42999267578125,179.2100067138672,64848400.0,-0.2060335858196427,174.95450134277343,169.1472003173828,152.51519962310792,175.11317332741055,0.8491579006753119,2.69000244140625,0.7599945068359375
2023-06-07,178.44000244140625,181.2100067138672,177.32000732421875,177.82000732421875,61944600.0,-0.7756259904993845,175.25700149536132,169.53800048828126,152.5466996383667,175.37096704139228,0.8345160528686772,3.8899993896484375,0.6199951171875
2023-06-08,177.89999389648438,180.83999633789065,177.4600067138672,180.57000732421875,50214900.0,1.546507640721173,175.60750198364258,169.99640075683592,152.6116996383667,175.8661137349948,0.8689634546249753,3.379989624023466,-2.670013427734375
2023-06-09,181.5,182.22999572753903,180.6300048828125,180.9600067138672,48900000.0,0.2159823746078704,175.96800231933594,170.40020080566407,152.68034969329835,176.3512463996493,0.8686945028438079,1.599990844726534,0.5399932861328125
2023-06-12,181.2700042724609,183.88999938964844,180.97000122070312,183.7899932861328,54274900.0,1.5638740424785524,176.52900161743165,170.82880065917968,152.76164966583252,177.0596984840763,0.8927178079891976,2.9199981689453125,-2.5199890136719034
2023-06-13,182.8000030517578,184.1499938964844,182.44000244140625,183.3099975585937,54929100.0,-0.2611653218746457,177.09100112915038,171.19700073242188,152.828049659729,177.65496506260178,0.8917142970218827,1.7099914550781534,-0.5099945068358807
2023-06-14,183.3699951171875,184.38999938964844,182.0200042724609,183.9499969482422,57462900.0,0.3491350161869411,177.68500061035155,171.55260070800782,152.92969966888427,178.25449190885325,0.8885182965574601,2.3699951171875284,-0.5800018310546875
2023-06-15,183.9600067138672,186.5200042724609,183.77999877929688,186.009994506836,65433200.0,1.11986822113046,178.35100021362305,171.96020050048827,153.0528496170044,178.99311120389922,0.9055860439890423,2.740005493164034,-2.049987792968807
2023-06-16,186.72999572753903,186.9900054931641,184.2700042724609,184.9199981689453,101256200.0,-0.5859880490726166,178.84449996948243,172.38340057373046,153.18289958953858,179.5575766291417,0.8984038747964234,2.720001220703182,1.8099975585937216
2023-06-20,184.41000366210932,186.1000061035156,184.41000366210932,185.009994506836,49799100.0,0.04866771511020662,179.33699951171874,172.790400390625,153.32184955596924,180.07685452225542,0.8985884590859884,1.6900024414062784,-0.5999908447266762
2023-06-21,184.8999938964844,185.41000366210932,182.58999633789065,183.9600067138672,49515700.0,-0.567530308709896,179.825,173.2290005493164,153.45184955596923,180.44667854050414,0.8995395752350338,2.8200073242186647,0.9399871826172159
2023-06-22,183.7400054931641,187.0500030517578,183.6699981689453,187.0,51245300.0,1.6525294494369236,180.5970001220703,173.75300048828126,153.60779956817626,181.07080439378944,0.8445763726269476,3.3800048828125,-3.259994506835909
2023-06-23,185.5500030517578,187.5599975585937,185.009994506836,186.67999267578125,53117000.0,-0.17112691134693048,181.33899993896483,174.28460021972657,153.76854953765869,181.6050128015982,0.8535043866295244,2.550003051757699,-1.1299896240234375
2023-06-26,186.8300018310547,188.0500030517578,185.22999572753903,185.2700042724609,48088700.0,-0.7552970101992407,181.9529998779297,174.6788003540039,153.91509952545167,181.95405960834705,0.890129663375392,2.8200073242187784,1.5599975585937784
2023-06-27,185.88999938964844,188.38999938964844,185.6699981689453,188.0599975585937,50730800.0,1.5059066345298744,182.58450012207032,175.13580017089845,154.0830994796753,182.53557750837052,0.8963629103428881,2.720001220703125,-2.1699981689452557
2023-06-28,187.92999267578125,189.8999938964844,187.6000061035156,189.25,51216800.0,0.6327780797910298,183.18199996948243,175.61620025634767,154.24249950408935,183.17504631709713,0.8833425384704319,2.299987792968807,-1.32000732421875
2023-06-29,189.0800018310547,190.07000732421875,188.94000244140625,189.58999633789065,46347300.0,0.1796546039052327,183.79899978637695,176.07860015869142,154.3732995223999,183.78599393812507,0.8801189078700947,1.1300048828125,-0.5099945068359659
2023-06-30,191.6300048828125,194.47999572753903,191.259994506836,193.97000122070312,85213200.0,2.3102510509079632,184.49300003051758,176.60540008544922,154.57394954681396,184.7558993936087,0.9453505875026718,3.2200012207030397,-2.339996337890625
2023-07-03,193.77999877929688,193.8800048828125,191.759994506836,192.4600067138672,31458200.0,-0.7784680606965799,185.06850051879883,177.12160034179686,154.75969959259032,185.4896239003,0.9793668460153523,2.1200103759765057,1.3199920654296875
2023-07-05,191.57000732421875,192.97999572753903,190.6199951171875,191.3300018310547,46920300.0,-0.5871375056598072,185.65600051879883,177.64780029296875,154.95449962615967,186.04585036989567,0.970284151699557,2.360000610351534,0.2400054931640625
2023-07-06,189.83999633789065,192.0200042724609,189.1999969482422,191.8099975585937,45094300.0,0.2508732153584825,186.28600006103517,178.17740020751953,155.16004962921141,186.5948167688193,0.9625493495200299,2.8200073242187216,-1.9700012207030397
2023-07-07,191.41000366210932,192.6699981689453,190.2400054931641,190.67999267578125,46815000.0,-0.5891272077552911,186.9289993286133,178.71559997558595,155.34104961395263,186.9838811409109,0.9519700735112933,2.4299926757812216,0.7300109863280682
2023-07-10,189.259994506836,189.9900054931641,187.0399932861328,188.6100006103516,59922200.0,-1.0855843008916621,187.33099899291992,179.21260009765626,155.49959964752196,187.13874966181,0.9603364508904306,2.9500122070312784,0.6499938964844034
2023-07-11,189.16000366210932,189.3000030517578,186.6000061035156,188.0800018310547,46638100.0,-0.2810024800285249,187.6869987487793,179.60600006103516,155.67139965057373,187.2283927255476,0.9669187036654314,2.699996948242216,1.0800018310546307
2023-07-12,189.67999267578125,191.6999969482422,188.47000122070312,189.7700042724609,60750200.0,0.8985550962107514,187.9859992980957,180.00780029296874,155.85654964447022,187.47045096811078,0.9281034844147235,3.2299957275390625,-0.09001159667965908
2023-07-13,190.5,191.19000244140625,189.77999877929688,190.5399932861328,41342300.0,0.4057485357730206,188.34749908447264,180.42680023193358,156.05709964752197,187.76278833173194,0.9239844298422257,1.410003662109375,-0.0399932861328125
2023-07-14,190.22999572753903,191.17999267578125,189.6300048828125,190.69000244140625,41616200.0,0.07872843526774975,188.68449935913085,180.86980041503907,156.2566996383667,188.0415706278914,0.923629225903264,1.54998779296875,-0.4600067138672159
2023-07-17,191.8999938964844,194.32000732421875,191.8099975585937,193.9900054931641,50520200.0,1.7305590274832694,189.08349990844727,181.4006005859375,156.46784969329835,188.60808823410784,0.9653452045992712,2.510009765625057,-2.0900115966796875
2023-07-18,193.3500061035156,194.3300018310547,192.4199981689453,193.72999572753903,48288200.0,-0.13403255748359877,189.52399978637695,181.95940063476561,156.6872996902466,189.09588894776795,0.9507969349942575,1.910003662109375,-0.3799896240234375
2023-07-19,193.1000061035156,198.22999572753903,192.6499938964844,195.1000061035156,80507300.0,0.7071751438550322,190.02850036621095,182.39000061035156,156.95039974212648,189.66770962926773,0.9553139404091687,5.580001831054631,-2.0
2023-07-20,195.08999633789065,196.47000122070312,192.5,193.1300048828125,59581200.0,-1.0097391896840113,190.48700027465821,182.7826007080078,157.22504978179933,189.99745203436726,0.9805079350323463,3.970001220703125,1.9599914550781534
2023-07-21,194.1000061035156,194.97000122070312,191.22999572753903,191.94000244140625,71951700.0,-0.6161665258219817,190.7340003967285,183.18600067138672,157.47249980926514,190.18245683503764,0.9398637745080809,3.740005493164091,2.1600036621093466
2023-07-24,193.41000366210932,194.91000366210932,192.25,192.75,45377800.0,0.42200559981810937,191.03750076293946,183.56980072021486,157.70574977874756,190.42698475551026,0.9390657338039977,2.660003662109318,0.6600036621093182
2023-07-25,193.3300018310547,194.44000244140625,192.9199981689453,193.6199951171875,37283200.0,0.4513593344682265,191.4550003051758,183.9672006225586,157.9418497848511,190.7310809804319,0.915337917520826,1.5200042724609375,-0.2899932861328125
2023-07-26,193.6699981689453,195.63999938964844,193.32000732421875,194.5,47471900.0,0.45450103553605903,191.7770004272461,184.4058004760742,158.18719982147218,191.09002564896218,0.8667816180526858,2.3199920654296875,-0.8300018310546875
2023-07-27,196.0200042724609,197.1999969482422,192.5500030517578,193.22000122070312,47460200.0,-0.6580970587644619,191.97550048828126,184.8288003540039,158.45284984588622,191.29288046531846,0.8786486057275681,4.649993896484375,2.800003051757784
2023-07-28,194.6699981689453,196.6300048828125,194.13999938964844,195.8300018310547,48291400.0,1.3507921508448373,192.28750076293946,185.30400024414064,158.72989986419677,191.72498726205527,0.9216811990669299,2.4900054931640625,-1.160003662109375
2023-07-31,196.0599975585937,196.4900054931641,195.259994506836,196.4499969482422,38824100.0,0.3165986372825502,192.4115005493164,185.77920013427735,159.0172498703003,192.17498818454928,0.7734679694140675,1.2300109863280966,-0.38999938964849434
2023-08-01,196.2400054931641,196.72999572753903,195.27999877929688,195.6100006103516,35175100.0,-0.42758785998449067,192.56900024414062,186.19040008544923,159.3035998916626,192.50213222510186,0.7571026318711713,1.449996948242159,0.6300048828125
2023-08-02,195.0399932861328,195.17999267578125,191.8500061035156,192.5800018310547,50389300.0,-1.5489999334607374,192.63150024414062,186.53880004882814,159.55154987335206,192.50954837804974,0.8291002080796701,3.3299865722656534,2.459991455078125
2023-08-03,191.57000732421875,192.3699951171875,190.69000244140625,191.1699981689453,61235200.0,-0.7321651514710981,192.5995002746582,186.8782000732422,159.81549983978272,192.38197216765886,0.8446732993971384,1.67999267578125,0.4000091552734375
2023-08-04,185.5200042724609,187.3800048828125,181.9199981689453,181.9900054931641,115956800.0,-4.802004898105638,192.16500091552734,187.08680023193358,160.01339984893798,191.39226105580224,1.3624375498531154,5.4600067138671875,3.529998779296818
2023-08-07,182.1300048828125,183.1300048828125,177.35000610351562,178.85000610351562,97576100.0,-1.72536913834338,191.67700119018554,187.22700042724608,160.18889987945556,190.19776058415587,1.390945194702223,5.779998779296875,3.279998779296875
2023-08-08,179.69000244140625,180.2700042724609,177.5800018310547,179.8000030517578,67823000.0,0.5311696482092065,191.26300125122071,187.36320037841796,160.3685998916626,189.20749796202273,1.4019873527943583,2.6900024414062216,-0.1100006103515625
2023-08-09,180.8699951171875,180.92999267578125,177.00999450683594,178.19000244140625,60378500.0,-0.895439701348677,190.68400115966796,187.41840057373048,160.5425999069214,188.15821267434495,1.3842464076324323,3.9199981689453125,2.67999267578125
2023-08-10,179.47999572753906,180.75,177.60000610351562,177.97000122070312,54686900.0,-0.12346440186814522,190.05550155639648,187.43180053710938,160.69609989166258,187.18790682161716,1.3749710343103125,3.149993896484375,1.5099945068359375
2023-08-11,177.32000732421875,178.6199951171875,176.5500030517578,177.7899932861328,52036700.0,-0.10114509936260951,189.4105010986328,187.44260040283203,160.83779987335205,186.2928674372853,1.3727328995063808,2.0699920654296875,-0.4699859619140625
2023-08-14,177.97000122070312,179.69000244140625,177.30999755859375,179.4600067138672,43675600.0,0.9393180104611876,188.68400115966796,187.43000061035156,160.97339992523194,185.64211879695978,1.3203041545745047,2.3800048828125,-1.4900054931640625
2023-08-15,178.8800048828125,179.47999572753906,177.0500030517578,177.4499969482422,43622600.0,-1.120032146677552,187.87000122070313,187.36000061035156,161.11389987945557,184.8619167161295,1.3290136548397338,2.42999267578125,1.4300079345703125
2023-08-16,177.1300048828125,178.5399932861328,176.5,176.57000732421875,46964900.0,-0.49590850332903447,186.9435012817383,187.29980072021485,161.27274990081787,184.07221105975705,1.3018125753140737,2.0399932861328125,0.55999755859375
2023-08-17,177.13999938964844,177.50999450683594,173.47999572753906,174.0,66062900.0,-1.4555174817995509,185.98700103759765,187.1956005859375,161.36404987335206,183.11295286358973,1.314938300830267,4.029998779296875,3.1399993896484375
2023-08-18,172.3000030517578,175.10000610351562,171.9600067138672,174.49000549316406,61172200.0,0.28161235239314575,185.11450119018554,187.1290005493164,161.4697999191284,182.29171978069206,1.326461779316666,3.1399993896484375,-2.19000244140625
2023-08-21,175.07000732421875,176.1300048828125,173.74000549316406,175.83999633789062,46311900.0,0.7736780344014926,184.26900100708008,187.03440032958986,161.59574993133546,181.6772699289967,1.3411155290044898,2.3899993896484375,-0.769989013671875
2023-08-22,177.05999755859375,177.67999267578125,176.25,177.22999572753906,42038900.0,0.7904910251348207,183.44950103759766,186.9598001098633,161.75674991607667,181.25372000504836,1.3551732114480755,1.42999267578125,-0.1699981689453125
2023-08-23,178.52000427246094,181.5500030517578,178.3300018310547,181.1199951171875,52722800.0,2.1948877071738204,182.78050079345704,186.90640014648437,161.96794986724854,181.24098430144255,1.4664299548213555,3.220001220703125,-2.5999908447265625
2023-08-24,180.6699981689453,181.1000061035156,176.00999450683594,176.3800048828125,54945800.0,-2.617044148719283,181.9385009765625,186.76780029296876,162.15794986724853,180.77803388062065,1.5513795783433049,5.090011596679659,4.2899932861328125
2023-08-25,177.3800048828125,179.14999389648438,175.82000732421875,178.61000061035156,51449600.0,1.264313224744873,181.07750091552734,186.66100036621094,162.35639987945558,180.5715545215474,1.546227915100473,3.329986572265625,-1.2299957275390625
2023-08-28,180.08999633789062,180.58999633789065,178.5500030517578,180.19000244140625,43820700.0,0.8846099466185864,180.26450119018554,186.54460052490234,162.5598498916626,180.53521622820062,1.5660927095680601,2.039993286132841,-0.100006103515625
2023-08-29,179.6999969482422,184.8999938964844,179.5,184.1199951171875,53003900.0,2.181027039532446,179.69000091552735,186.52860046386718,162.8060998916626,180.87662374143747,1.6705073917211555,5.399993896484403,-4.4199981689453125
2023-08-30,184.94000244140625,187.8500061035156,184.7400054931641,187.6499938964844,60813900.0,1.9172272827023162,179.44350051879883,186.58140045166016,163.00999988555907,181.5217066133467,1.7121702792071265,3.1100006103515057,-2.7099914550781534
2023-08-31,187.83999633789065,189.1199951171875,187.47999572753903,187.8699951171875,60794500.0,0.1172401960345626,179.27850036621095,186.65960021972657,163.20084987640382,182.1263055184744,1.706594194680909,1.639999389648466,-0.02999877929684658
2023-09-01,189.4900054931641,189.9199981689453,188.27999877929688,189.4600067138672,45766500.0,0.8463361036912254,179.6520004272461,186.7088003540039,163.40674991607665,182.82475325136897,1.3022958106216416,1.6399993896484375,0.02999877929690342
2023-09-05,188.27999877929688,189.97999572753903,187.6100006103516,189.6999969482422,45280000.0,0.12667065653462206,180.19449996948242,186.76920043945313,163.6050499343872,183.47953836535692,1.2207746678958762,2.369995117187443,-1.4199981689453125
2023-09-06,188.3999938964844,188.8500061035156,181.47000122070312,182.91000366210932,81755800.0,-3.579332311737171,180.35,186.7220004272461,163.7756499862671,183.4252969650476,1.495307532188645,7.380004882812472,5.489990234375085
2023-09-07,175.17999267578125,178.2100067138672,173.5399932861328,177.55999755859375,112488800.0,-2.924939039090868,180.31849975585936,186.5120004272461,163.90984996795655,182.86669702157582,1.629046508047118,4.670013427734375,-2.3800048828125
2023-09-08,178.35000610351562,180.2400054931641,177.7899932861328,178.17999267578125,65551300.0,0.3491749975851999,180.3289993286133,186.2906002807617,164.04429996490478,182.42034422673822,1.6306649168849514,2.4500122070312784,0.170013427734375
2023-09-11,180.07000732421875,180.3000030517578,177.33999633789062,179.36000061035156,58953100.0,0.6622561359722834,180.40749969482422,186.08600036621092,164.20104999542235,182.1288829299395,1.6366374004230704,2.9600067138671875,0.7100067138671875
2023-09-12,179.49000549316406,180.1300048828125,174.82000732421875,176.3000030517578,90370200.0,-1.7060646455066664,180.24949951171874,185.73260040283202,164.33165004730225,181.5737515129698,1.6681541509185052,5.30999755859375,3.19000244140625
2023-09-13,176.50999450683594,177.3000030517578,173.97999572753906,174.2100067138672,84267900.0,-1.1854771989295187,180.0875,185.36760040283204,164.4473500442505,180.87244248448386,1.6703737285816553,3.32000732421875,2.29998779296875
2023-09-14,174.0,176.10000610351562,173.5800018310547,175.74000549316406,60895800.0,0.8782496529087691,180.04599990844727,185.0558004760742,164.58550006866454,180.38363896150102,1.6805418594812656,2.5200042724609375,-1.7400054931640625
2023-09-15,176.47999572753906,176.5,173.82000732421875,175.00999450683594,109259500.0,-0.41539260470577766,180.09649963378905,184.71980041503906,164.73945003509522,179.87186329915198,1.649258042592841,2.67999267578125,1.470001220703125
2023-09-18,176.47999572753906,179.3800048828125,176.1699981689453,177.97000122070312,67257600.0,1.6913358132535583,180.270499420166,184.4656005859375,164.923450050354,179.69073357739495,1.6896680662693921,3.2100067138671875,-1.4900054931640625
2023-09-19,177.52000427246094,179.6300048828125,177.1300048828125,179.07000732421875,51826900.0,0.6180851244426799,180.43199996948243,184.27480072021484,165.0786500930786,179.63161679137818,1.686819228354684,2.5,-1.5500030517578125
2023-09-20,179.25999450683594,179.6999969482422,175.39999389648438,175.49000549316406,58436200.0,-1.999219123598317,180.34500045776366,184.02300079345704,165.21455013275147,179.23717762011967,1.741577763647053,4.3000030517578125,3.769989013671875
2023-09-21,174.5500030517578,176.3000030517578,173.86000061035156,173.92999267578125,63149100.0,-0.8889468166570769,179.98550033569336,183.70620056152345,165.3451501083374,178.73173143494458,1.6687737343727111,2.44000244140625,0.6200103759765625
2023-09-22,174.6699981689453,177.0800018310547,174.0500030517578,174.7899932861328,56725400.0,0.49445216268977354,179.90599975585937,183.39120056152345,165.485950050354,178.3563278017244,1.5727768511158446,3.029998779296875,-0.1199951171875
2023-09-25,174.1999969482422,176.97000122070312,174.14999389648438,176.0800018310547,46172700.0,0.738033408360006,179.77949981689454,183.0990005493164,165.65180004119873,178.13953485213682,1.5542148823234483,2.82000732421875,-1.8800048828125
2023-09-26,174.82000732421875,175.1999969482422,171.66000366210938,171.9600067138672,64588900.0,-2.3398427273646605,179.36800003051758,182.65840057373046,165.80690006256103,177.5510083627778,1.61706934169651,3.5399932861328125,2.8600006103515625
2023-09-27,172.6199951171875,173.0399932861328,169.0500030517578,170.42999267578125,66921800.0,-0.8897499292564004,178.68349990844726,182.19240051269531,165.94580005645753,176.87281639258762,1.5198619966674864,3.989990234375,2.19000244140625
2023-09-28,169.33999633789062,172.02999877929688,167.6199951171875,170.69000244140625,56294400.0,0.15256103784480057,177.83550033569335,181.70420043945313,166.088450050354,176.2839769686656,1.4282805909353293,4.410003662109375,-1.350006103515625
2023-09-29,172.02000427246094,173.07000732421875,170.33999633789062,171.2100067138672,51861100.0,0.3046483478957418,177.00250091552735,181.26580047607422,166.22205005645753,175.80074170630385,1.4328931152194084,2.730010986328125,0.80999755859375
2023-10-02,171.22000122070312,174.3000030517578,170.92999267578125,173.75,52164500.0,1.4835542237771948,176.21700057983398,180.9020004272461,166.363450050354,175.60543297237015,1.469919310834814,3.3700103759765625,-2.529998779296875
2023-10-03,172.25999450683594,173.6300048828125,170.82000732421875,172.39999389648438,49594600.0,-0.7769819300809333,175.35200042724608,180.49500030517578,166.50939998626708,175.30015306038104,1.4660660738803843,2.80999755859375,-0.1399993896484375
2023-10-04,171.08999633789062,174.2100067138672,170.97000122070312,173.66000366210938,53020300.0,0.730864159068112,174.8895004272461,180.09580047607423,166.69520000457763,175.14394835578372,1.2907415427180093,3.2400054931640625,-2.57000732421875
2023-10-05,173.7899932861328,175.4499969482422,172.67999267578125,174.91000366210938,48527900.0,0.7197972898999483,174.7570007324219,179.70400054931642,166.897200050354,175.1216679087671,1.142107745583964,2.7700042724609375,-1.1200103759765625
2023-10-06,173.8000030517578,177.99000549316406,173.17999267578125,177.49000549316406,57266700.0,1.4750453244736894,174.722501373291,179.38940063476562,167.1228001022339,175.34722386918585,1.1905210670859667,4.8100128173828125,-3.69000244140625
2023-10-09,176.80999755859375,179.0500030517578,175.8000030517578,178.99000549316406,42390800.0,0.8451180086631815,174.70400161743163,179.05260070800782,167.3562501144409,175.69415545242188,1.1966633382099596,3.25,-2.1800079345703125
2023-10-10,178.10000610351562,179.72000122070312,177.9499969482422,178.38999938964844,43698000.0,-0.335217657467779,174.80850143432616,178.69140075683595,167.57095012664794,175.95090249406252,1.1314964329141086,1.7700042724609375,-0.2899932861328125
2023-10-11,178.1999969482422,179.85000610351562,177.60000610351562,179.8000030517578,47551100.0,0.7904051050695804,175.0880012512207,178.37520080566406,167.80880016326904,176.3174834995573,1.1024501915280862,2.25,-1.600006103515625
2023-10-12,180.07000732421875,182.33999633789065,179.0399932861328,180.7100067138672,56743100.0,0.5061199369654101,175.33650131225585,178.1378009033203,168.05305019378662,176.7358190437773,1.0928567683377637,3.300003051757841,-0.6399993896484375
2023-10-13,181.4199981689453,181.92999267578125,178.13999938964844,178.85000610351562,51427100.0,-1.029273721015711,175.52850189208985,177.8914010620117,168.2971502304077,176.9371701923238,1.1177681106761235,3.7899932861328125,2.5699920654296875
2023-10-16,176.75,179.0800018310547,176.50999450683594,178.72000122070312,52517000.0,-0.07268933652552212,175.56600189208984,177.8260009765625,168.5605502319336,177.106963623598,1.0546110252411667,2.57000732421875,-1.970001220703125
2023-10-17,176.64999389648438,178.4199981689453,174.8000030517578,177.14999389648438,57549400.0,-0.87847320585005,175.47000122070312,177.79200073242188,168.79825019836426,177.1110617448253,1.0634704515697,3.6199951171875,-0.5
2023-10-18,175.5800018310547,177.5800018310547,175.11000061035156,175.83999633789062,54764400.0,-0.7394849583563845,175.48750076293945,177.71280059814453,169.0278002166748,176.99000789654582,0.9755214924469786,2.470001220703125,-0.2599945068359375
2023-10-19,176.0399932861328,177.83999633789062,175.19000244140625,175.4600067138672,59302900.0,-0.2160996541954341,175.56400146484376,177.65820068359375,169.27975025177003,176.84429349819547,0.9540917276364868,2.649993896484375,0.579986572265625
2023-10-20,175.30999755859375,175.4199981689453,172.63999938964844,172.8800048828125,64244000.0,-1.4704215959948308,175.46850204467773,177.55640075683593,169.5123502731323,176.4667422014923,1.005493464255012,2.779998779296875,2.42999267578125
2023-10-23,170.91000366210938,174.00999450683594,169.92999267578125,173.0,55980100.0,0.06940948276166203,175.314501953125,177.46060089111327,169.752250289917,176.13657627754066,0.9888881183180623,4.0800018310546875,-2.089996337890625
2023-10-24,173.0500030517578,173.6699981689453,171.4499969482422,173.44000244140625,43816600.0,0.2543366713330997,175.38850173950195,177.34020080566407,169.97135032653807,175.87975972171833,0.8356164421553054,2.220001220703125,-0.3899993896484375
2023-10-25,171.8800048828125,173.05999755859375,170.64999389648438,171.10000610351562,57157000.0,-1.3491676112499795,175.42200241088867,177.21320098876953,170.17610038757323,175.4245450914133,0.8683715170329072,2.410003662109375,0.779998779296875
2023-10-26,170.3699951171875,171.3800048828125,165.6699981689453,166.88999938964844,70625300.0,-2.460553222493822,175.23200225830078,177.01960083007813,170.35690040588378,174.61173121505476,1.0295170883638423,5.7100067138671875,3.4799957275390625
2023-10-27,166.91000366210938,168.9600067138672,166.8300018310547,168.22000122070312,58499100.0,0.7969332110484562,175.08250198364257,176.90400085449218,170.5305503845215,174.0029950251165,1.0456469455926605,2.1300048828125,-1.30999755859375
2023-10-30,169.02000427246094,171.1699981689453,168.8699951171875,170.2899932861328,51131000.0,1.2305267212035398,174.9095016479492,176.82000061035157,170.7149503326416,173.64937581187996,1.0270631050964154,2.3000030517578125,-1.269989013671875
2023-10-31,169.35000610351562,170.89999389648438,167.89999389648438,170.77000427246094,44846000.0,0.28187856318813154,174.82800216674804,176.71860076904298,170.8950003814697,173.37514995098292,1.0173296070709001,3.0,-1.4199981689453125
2023-11-01,171.0,174.22999572753906,170.1199951171875,173.97000122070312,56934900.0,1.8738635990994235,174.84350204467773,176.65340087890624,171.0851503753662,173.43180245286104,1.0923989578267432,4.1100006103515625,-2.970001220703125
2023-11-02,175.52000427246094,177.77999877929688,175.4600067138672,177.57000732421875,77334800.0,2.0693257908003027,174.97650222778321,176.58240112304688,171.29695037841796,173.82591720251415,1.176679103312865,2.3199920654296875,-2.0500030517578125
2023-11-03,174.24000549316406,176.82000732421875,173.35000610351562,176.64999389648438,79829200.0,-0.5181130764130404,174.93450164794922,176.5878009033203,171.5038503265381,174.09487688765415,1.1362019406200954,3.470001220703125,-2.4099884033203125
2023-11-06,176.3800048828125,179.42999267578125,176.2100067138672,179.22999572753906,63841300.0,1.4605162299448304,174.94650115966797,176.60020080566406,171.71065032958984,174.58393582478604,1.1686637801863249,3.2199859619140625,-2.8499908447265625
2023-11-07,179.17999267578125,182.44000244140625,178.97000122070312,181.82000732421875,70530000.0,1.4450770844278482,175.11800155639648,176.63280090332032,171.91420036315918,175.2730854913987,1.2078724676192534,3.470001220703125,-2.6400146484375
2023-11-08,182.3500061035156,183.4499969482422,181.58999633789065,182.88999938964844,49340300.0,0.5884897273828127,175.27250137329102,176.60820098876954,172.11600036621093,175.99850586266058,1.2026500857523537,1.860000610351534,-0.5399932861328409
2023-11-09,182.9600067138672,184.1199951171875,181.8099975585937,182.41000366210932,53763500.0,-0.26245050529880576,175.3575012207031,176.50340118408204,172.31875038146973,176.60912470070332,1.201002898745439,2.309997558593807,0.5500030517578693
2023-11-10,183.97000122070312,186.57000732421875,183.52999877929688,186.3999938964844,66133400.0,2.1873746802647975,175.73500061035156,176.47400115966798,172.5309503173828,177.54158843363484,1.2621674019566245,3.040008544921875,-2.4299926757812784
2023-11-13,185.82000732421875,186.02999877929688,184.2100067138672,184.8000030517578,43627500.0,-0.8583642151915205,176.03900070190429,176.38080108642578,172.7253003692627,178.23286601631324,1.2836211526620658,1.8199920654296875,1.0200042724609375
2023-11-14,187.6999969482422,188.1100006103516,186.3000030517578,187.44000244140625,60108400.0,1.428571074703422,176.5535011291504,176.33560119628908,172.94750038146972,179.1097361520364,1.287601439809167,1.8099975585937784,0.2599945068359375
2023-11-15,187.8500061035156,189.5,187.77999877929688,188.009994506836,53790500.0,0.3040930740533465,177.16200103759766,176.43760101318358,173.16610038757324,179.95737980487445,1.2646015163630464,1.720001220703125,-0.15998840332039777
2023-11-16,189.57000732421875,190.9600067138672,188.6499938964844,189.7100067138672,54412900.0,0.904213742195159,177.87450103759767,176.68060119628908,173.38750045776368,180.88620141525473,1.2633554127317133,2.310012817382784,-0.1399993896484375
2023-11-17,190.25,190.3800048828125,188.57000732421875,189.69000244140625,50922700.0,-0.01054465855937492,178.71500091552736,176.91080139160155,173.58185043334962,181.72465865584059,1.189700315156744,1.80999755859375,0.55999755859375
2023-11-20,189.88999938964844,191.91000366210932,189.8800048828125,191.4499969482422,46505100.0,0.9278267089376957,179.63750076293945,177.1526013183594,173.76660041809083,182.65088135035504,1.1899048675458483,2.029998779296818,-1.55999755859375
2023-11-21,191.41000366210932,191.5200042724609,189.7400054931641,190.63999938964844,38134500.0,-0.4230856994020926,180.49750061035155,177.43940124511718,173.96115043640137,183.41174973504965,1.207221579779453,1.7799987792968182,0.7700042724608807
2023-11-22,191.4900054931641,192.92999267578125,190.8300018310547,191.3099975585937,39617700.0,0.3514467955782141,181.50800018310548,177.78140106201172,174.14445045471192,184.16396381348244,1.1288925943926984,2.0999908447265625,0.18000793457039777
2023-11-24,190.8699951171875,190.8999938964844,189.25,189.97000122070312,24048300.0,-0.7004319455287011,182.6620002746582,178.0660009765625,174.3347004699707,184.71691975702726,0.9319763648571665,1.6499938964844034,0.899993896484375
2023-11-27,189.9199981689453,190.6699981689453,188.8999938964844,189.7899932861328,40552600.0,-0.09475597905649336,183.7404998779297,178.36160095214845,174.52930046081542,185.20006961694207,0.945994733309423,1.770004272460909,0.1300048828125
2023-11-28,189.77999877929688,191.0800018310547,189.3999938964844,190.3999938964844,38415400.0,0.3214082048213829,184.74599990844726,178.61020080566405,174.72625045776368,185.69530050070802,0.9363647398853419,1.680007934570284,-0.6199951171875284
2023-11-29,190.8999938964844,192.08999633789065,188.97000122070312,189.3699951171875,43014200.0,-0.5409657627703957,185.6759994506836,178.81620056152343,174.90385040283203,186.04527141656322,0.96698123753838,3.1199951171875284,1.5299987792969034
2023-11-30,189.83999633789065,190.32000732421875,188.19000244140625,189.9499969482422,48794400.0,0.30627968844576525,186.47499923706056,179.105400390625,175.08760040283204,186.4171500386279,0.9137617762731954,2.1300048828125,-0.11000061035153408
2023-12-01,190.3300018310547,191.5599975585937,189.22999572753903,191.2400054931641,45704800.0,0.6791305952341897,187.15849914550782,179.45160064697265,175.2671504211426,186.8764696057266,0.8329416219827442,2.330001831054659,-0.9100036621094034
2023-12-04,189.97999572753903,190.0500030517578,187.4499969482422,189.42999267578125,43389500.0,-0.9464613916503661,187.79749908447266,179.7444006347656,175.44575035095215,187.11966227906515,0.8621055858176147,2.600006103515625,0.5500030517577841
2023-12-05,190.2100067138672,194.3999938964844,190.17999267578125,193.4199981689453,66628400.0,2.106321938149014,188.50699920654296,180.09120056152344,175.65010032653808,187.71969426857757,0.9161564838582578,4.220001220703153,-3.209991455078125
2023-12-06,194.4499969482422,194.759994506836,192.1100006103516,192.32000732421875,41089700.0,-0.568705850036122,189.03199920654296,180.49840057373046,175.8693003845215,188.1578193214958,0.9041771333598223,2.6499938964844034,2.1299896240234375
2023-12-07,193.6300048828125,195.0,193.58999633789065,194.2700042724609,47477700.0,1.0139334827264257,189.6009994506836,180.97520080566406,176.09610038757324,188.73993217396864,0.9166128526753244,1.4100036621093466,-0.6399993896484091
2023-12-08,194.1999969482422,195.9900054931641,193.6699981689453,195.7100067138672,53406400.0,0.7412376639404972,190.2659996032715,181.4756008911133,176.32765045166016,189.4037487968161,0.911298797886909,2.3200073242187784,-1.510009765625
2023-12-11,193.1100006103516,193.4900054931641,191.4199981689453,193.17999267578125,60943700.0,-1.2927361664163084,190.60499954223633,181.91500061035157,176.56000038146973,189.76339107100327,0.8748127449200898,2.0700073242187784,-0.06999206542965908
2023-12-12,193.0800018310547,194.72000122070312,191.72000122070312,194.7100067138672,52696900.0,0.7920147510585007,191.1004997253418,182.3342007446289,176.79395042419435,190.2344973227046,0.8489260711465844,3.0,-1.6300048828125
2023-12-13,195.08999633789065,198.0,194.8500061035156,197.9600067138672,70404200.0,1.6691489332522957,191.62649993896486,182.84540100097655,177.04670043945313,190.97026012186296,0.8677771303209241,3.1499938964844034,-2.870010375976534
2023-12-14,198.0200042724609,199.6199951171875,196.16000366210932,198.1100006103516,66831600.0,0.0757697976345284,192.13150024414062,183.33440093994142,177.3107004547119,191.65023540648093,0.8689026463191902,3.459991455078182,-0.08999633789068184
2023-12-15,197.52999877929688,198.3999938964844,197.0,197.57000732421875,128538400.0,-0.2725724519050954,192.5245002746582,183.7876010131836,177.56900047302247,192.21402320817026,0.8632037252634001,1.3999938964844034,-0.040008544921875
2023-12-18,196.08999633789065,196.6300048828125,194.38999938964844,195.88999938964844,55751900.0,-0.8503355126233125,192.83450012207032,184.1556008911133,177.79330047607422,192.56411617783485,0.8941971075473191,2.2400054931640625,0.19999694824221592
2023-12-19,196.16000366210932,196.9499969482422,195.88999938964844,196.94000244140625,40714100.0,0.5360166700849378,193.1090003967285,184.51460083007814,178.00885047912598,192.98086725055595,0.8807902296689193,1.05999755859375,-0.7799987792969318
2023-12-20,196.8999938964844,197.67999267578125,194.8300018310547,194.8300018310547,52242800.0,-1.0713925988598105,193.31850051879883,184.84340087890624,178.22500045776368,193.15697530584154,0.9141024919599382,2.8499908447265625,2.069992065429716
2023-12-21,196.1000061035156,197.0800018310547,193.5,194.67999267578125,46482500.0,-0.07699489496669765,193.48700027465821,185.1410006713867,178.43405044555664,193.30202457916914,0.9132332667189736,3.5800018310546875,1.4200134277343466
2023-12-22,195.17999267578125,195.41000366210932,192.97000122070312,193.6000061035156,37149600.0,-0.5547496470601709,193.66850051879882,185.3988006591797,178.64910049438475,193.33040377196403,0.9071466491699028,2.440002441406193,1.5799865722656534
2023-12-26,193.6100006103516,193.88999938964844,192.8300018310547,193.0500030517578,28919300.0,-0.28409247645565516,193.83150100708008,185.68280059814452,178.87185050964356,193.30369894146818,0.9102530783242327,1.05999755859375,0.5599975585937784
2023-12-27,192.4900054931641,193.5,191.08999633789065,193.1499938964844,48087700.0,0.05179530854488856,193.96900100708007,185.97140045166014,179.08525047302246,193.28906036575543,0.9086267695945177,2.4100036621093466,-0.6599884033203125
2023-12-28,194.13999938964844,194.66000366210932,193.1699981689453,193.5800018310547,34049900.0,0.22262901794380952,194.17950134277345,186.30000061035156,179.29020050048828,193.3167690767363,0.8973267560774928,1.4900054931640057,0.55999755859375
2023-12-29,193.8999938964844,194.3999938964844,191.72999572753903,192.52999877929688,42672100.0,-0.5424129774904141,194.30850143432616,186.63380065917968,179.48790046691894,193.24183857221826,0.9077526911486269,2.6699981689453693,1.3699951171875284
2024-01-02,187.1499938964844,188.44000244140625,183.88999938964844,185.63999938964844,82488700.0,-3.578662771169838,194.02850112915038,186.83740051269533,179.63685043334962,192.51785388816398,1.2075044182767953,4.5500030517578125,1.509994506835966
2024-01-03,184.22000122070312,185.8800048828125,183.42999267578125,184.25,58414500.0,-0.7487607165581278,193.76950149536134,187.06480041503906,179.7831004333496,191.73043923214837,1.2013616149404573,2.45001220703125,-0.029998779296875
2024-01-04,182.1499938964844,183.08999633789065,180.8800048828125,181.91000366210932,71983600.0,-1.270011580944741,193.19400177001953,187.24300048828124,179.90565048217775,190.79515965404943,1.1035742075543233,2.2099914550781534,0.23999023437508527
2024-01-05,181.9900054931641,182.759994506836,180.1699981689453,181.17999267578125,62379700.0,-0.4013033761925633,192.63700103759766,187.39780029296875,180.01515045166016,189.87942946564294,1.102066280554663,2.589996337890682,0.8100128173828409
2024-01-08,182.08999633789065,185.6000061035156,181.5,185.5599975585937,59144500.0,2.4174881663950654,192.2015007019043,187.68700012207032,180.15380043029785,189.46805499830492,1.2271924501693043,4.100006103515597,-3.4700012207030397
2024-01-09,183.9199981689453,185.1499938964844,182.72999572753903,185.13999938964844,42841800.0,-0.22634090023235798,191.67300033569336,188.05200012207033,180.2848504638672,189.05585922605192,1.2061161527270379,2.4199981689453693,-1.220001220703125
2024-01-10,184.3500061035156,186.3999938964844,183.9199981689453,186.19000244140625,46792900.0,0.5671400319862574,191.3235008239746,188.41140014648437,180.41455047607423,188.7829204846571,1.194780051680877,2.479995727539091,-1.8399963378906534
2024-01-11,186.5399932861328,187.0500030517578,183.6199951171875,185.58999633789065,49128400.0,-0.32225473744457167,190.86750030517578,188.71740020751952,180.5511004638672,188.47883247067932,1.1729829398752651,3.4300079345703125,0.9499969482421591
2024-01-12,186.0599975585937,186.7400054931641,185.19000244140625,185.9199981689453,40477800.0,0.17781229460980263,190.2654998779297,189.0204000854492,180.6924504852295,188.23513396575228,1.090178592305045,1.550003051757841,0.13999938964838066
2024-01-16,182.16000366210932,184.259994506836,180.92999267578125,183.6300048828125,65603000.0,-1.2317089655153213,189.54150009155273,189.2136001586914,180.80675048828124,187.79655024356754,1.1050822326899092,3.3300018310547443,-1.4700012207031818
2024-01-17,181.2700042724609,182.92999267578125,180.3000030517578,182.67999267578125,47317400.0,-0.5173512943255187,188.79699935913087,189.31579986572265,180.9083504486084,187.30925904663553,1.1052676592580528,2.6299896240234375,-1.409988403320341
2024-01-18,186.08999633789065,189.13999938964844,185.8300018310547,188.6300048828125,78005800.0,3.2570683411353496,188.43399963378906,189.5554000854492,181.02700050354005,187.43504436436666,1.3652980317228711,3.30999755859375,-2.5400085449218466
2024-01-19,189.3300018310547,191.9499969482422,188.82000732421875,191.5599975585937,68903000.0,1.55330148965509,188.16499938964844,189.80200012207033,181.1539505004883,187.82789704953115,1.4115360856804005,3.1299896240234375,-2.2299957275390057
2024-01-22,192.3000030517578,195.3300018310547,192.259994506836,193.88999938964844,60133900.0,1.2163300588589943,188.1179992675781,190.0433999633789,181.29525047302246,188.40524012954234,1.4237847950150253,3.070007324218693,-1.589996337890625
2024-01-23,195.0200042724609,195.75,193.8300018310547,195.17999267578125,42355600.0,0.6653222395139657,188.14299926757812,190.28919982910156,181.4523504638672,189.05045465775555,1.4317247747047628,1.9199981689453125,-0.15998840332034092
2024-01-24,195.4199981689453,196.3800048828125,194.33999633789065,194.5,53631300.0,-0.34839261261312426,188.18799896240233,190.53099975585937,181.60155044555665,189.56945897606454,1.428084293851287,2.0400085449218466,0.9199981689453125
2024-01-25,195.22000122070312,196.2700042724609,193.1100006103516,194.1699981689453,54822100.0,-0.16966675118492702,188.2439987182617,190.6863998413086,181.7622504425049,190.0076055658627,1.4269763633989152,3.160003662109318,1.0500030517578125
2024-01-26,194.2700042724609,194.759994506836,191.94000244140625,192.4199981689453,44594000.0,-0.9012720896651283,188.20749893188477,190.83879974365234,181.92035041809083,190.23735724234675,1.442343483785665,2.8199920654297443,1.8500061035155966
2024-01-29,192.009994506836,192.1999969482422,189.5800018310547,191.72999572753903,47145600.0,-0.3585918553020928,188.114998626709,190.924599609375,182.07850036621093,190.37951328855553,1.4432848224532815,2.6199951171875,0.27999877929696027
2024-01-30,190.94000244140625,191.8000030517578,187.47000122070312,188.0399932861328,55859400.0,-1.924582758897031,187.89049835205077,190.92519958496095,182.19090034484864,190.15670185975335,1.5006538821781108,4.3300018310546875,2.9000091552734375
2024-01-31,187.0399932861328,187.1000061035156,184.3500061035156,184.3999938964844,55467800.0,-1.935758093816553,187.82849807739257,190.81899932861327,182.2868502807617,189.60844395848966,1.336629017422604,2.75,2.639999389648409
2024-02-01,183.9900054931641,186.9499969482422,183.82000732421875,186.8600006103516,64885400.0,1.3340600842146166,187.95899810791016,190.76239929199218,182.39500030517578,189.3466874491432,1.358241750569736,3.1299896240234375,-2.8699951171875
2024-02-02,179.86000061035156,187.3300018310547,179.25,185.8500061035156,102551700.0,-0.5405086714850627,188.15599822998047,190.65039947509766,182.49190032958984,189.01367017813106,1.3295992370719403,8.080001831054688,-5.990005493164034
2024-02-05,188.1499938964844,189.25,185.83999633789065,187.67999267578125,69668800.0,0.9846577950857638,188.48099822998046,190.5911993408203,182.5921502685547,188.88665327314538,1.3373391500697287,3.4100036621093466,0.4700012207031534
2024-02-06,186.8600006103516,189.3099975585937,186.7700042724609,189.3000030517578,43490800.0,0.86317691773099,188.66799850463866,190.5509994506836,182.70540031433106,188.92601991872752,1.2425708814632483,2.539993286132784,-2.4400024414062216
2024-02-07,190.63999938964844,191.0500030517578,188.6100006103516,189.41000366210932,53439000.0,0.05810914346442431,188.88149871826172,190.53979949951173,182.8273503112793,188.9721136085734,1.240178778746204,2.4400024414062216,1.2299957275391193
2024-02-08,189.38999938964844,189.5399932861328,187.3500061035156,188.32000732421875,40962000.0,-0.5754692554861163,188.98799896240234,190.51039978027345,182.94230033874513,188.91000824815868,1.2448707961021772,2.189987182617216,1.0699920654296875
2024-02-09,188.6499938964844,189.9900054931641,188.0,188.8500061035156,45155200.0,0.28143519471321987,189.1509994506836,190.47940002441408,183.0677003479004,188.90429375819267,1.2423231101298364,1.990005493164091,-0.20001220703119316
2024-02-12,188.4199981689453,188.6699981689453,186.7899932861328,187.1499938964844,41781900.0,-0.9001917670573678,189.21249923706054,190.435,183.18465034484862,188.73721758088712,1.2617472204958118,1.8800048828125,1.270004272460909
2024-02-13,185.7700042724609,186.2100067138672,183.509994506836,185.0399932861328,56529500.0,-1.127438246948953,189.28299865722656,190.3367999267578,183.26780029296876,188.38510098138673,1.2564179605508383,2.700012207031193,0.7300109863280966
2024-02-14,185.32000732421875,185.52999877929688,182.44000244140625,184.1499938964844,54630500.0,-0.4809767736384307,189.35649871826172,190.19499969482422,183.34015029907226,187.98175744949125,1.255586052797838,3.089996337890625,1.1700134277343466
2024-02-15,183.5500030517578,184.4900054931641,181.3500061035156,183.8600006103516,65434500.0,-0.15747667431138535,189.11799850463868,190.08359985351564,183.41150032043458,187.589209179097,1.0029265099757485,3.1399993896484943,-0.3099975585937784
2024-02-16,183.4199981689453,184.8500061035156,181.6699981689453,182.3099975585937,49752500.0,-0.8430343993323319,188.65549850463867,189.86139984130858,183.48035034179688,187.08642712000145,0.9327878215787727,3.180007934570284,1.1100006103516193
2024-02-20,181.7899932861328,182.42999267578125,180.0,181.5599975585937,53665600.0,-0.4113872031395016,188.03899841308595,189.6461996459961,183.55090034484863,186.56010049510547,0.8674816069650553,2.42999267578125,0.22999572753911934
2024-02-21,181.94000244140625,182.88999938964844,180.66000366210932,182.32000732421875,41371400.0,0.41859978841418677,187.3959991455078,189.40719970703125,183.63355041503905,186.15628209787815,0.8543208369569243,2.2299957275391193,-0.3800048828125
2024-02-22,183.47999572753903,184.9600067138672,182.4600067138672,184.3699951171875,52292200.0,1.1243899246467626,186.88949890136718,189.18039947509766,183.68755035400392,185.98615952828857,0.9146099166799381,2.5,-0.8899993896484659
2024-02-23,185.009994506836,185.0399932861328,182.22999572753903,182.5200042724609,45119700.0,-1.0034121026855414,186.30699920654294,188.96719970703126,183.7326503753662,185.656049503924,0.9290146608477988,2.8099975585937784,2.4899902343750853
2024-02-26,182.2400054931641,182.759994506836,180.6499938964844,181.16000366210932,40867400.0,-0.7451241390074803,185.74399948120114,188.6961996459961,183.77960037231446,185.2278546618464,0.9243825452491011,2.110000610351591,1.0800018310547728
2024-02-27,181.1000061035156,183.9199981689453,179.55999755859375,182.6300048828125,54318900.0,0.8114380608232663,185.28899993896482,188.389599609375,183.82495040893554,184.98044039717652,0.9567355623079344,4.3600006103515625,-1.5299987792969034
2024-02-28,182.509994506836,183.1199951171875,180.1300048828125,181.4199981689453,48953900.0,-0.6625454095802064,184.95800018310544,188.0557995605469,183.8633003997803,184.64135066115452,0.8780586945523262,2.989990234375,1.0899963378906818
2024-02-29,181.2700042724609,182.57000732421875,179.52999877929688,180.75,136682600.0,-0.3693077806788292,184.77550048828124,187.7193994140625,183.9042003631592,184.27074583628266,0.7767923379050207,3.040008544921875,0.5200042724609091
2024-03-01,179.5500030517578,180.52999877929688,177.3800048828125,179.66000366210938,73563100.0,-0.603040850838521,184.4155006408691,187.39479949951172,183.94215034484864,183.83162753398045,0.7065502547227143,3.149993896484375,-0.1100006103515625
2024-03-04,176.14999389648438,176.89999389648438,173.7899932861328,175.10000610351562,81510100.0,-2.5381261636673647,183.87800064086912,186.95799957275392,183.9573003387451,183.00004454060283,0.8784186052532327,3.1100006103515625,1.04998779296875
2024-03-05,170.75999450683594,172.0399932861328,169.6199951171875,170.1199951171875,95132400.0,-2.844095267126401,183.00000076293944,186.46379943847657,183.944450302124,181.77337316694422,0.9946555999089046,2.4199981689453125,0.6399993896484375
2024-03-06,171.05999755859375,171.24000549316406,168.67999267578125,169.1199951171875,68587700.0,-0.5878203789690617,181.99100036621093,185.9525994873047,183.91480026245117,180.56828954315787,0.9426872910440235,2.5600128173828125,1.94000244140625
2024-03-07,169.14999389648438,170.72999572753906,168.49000549316406,169.0,71765100.0,-0.07095264939214196,180.97050018310546,185.46059936523437,183.88400024414062,179.46654768190476,0.9386826562141483,2.239990234375,0.149993896484375
2024-03-08,169.0,173.6999969482422,168.94000244140625,170.72999572753906,76267000.0,1.0236661109698675,180.09099960327146,185.01419921875,183.8666502380371,178.63449511482233,1.003540922388847,4.7599945068359375,-1.7299957275390625
2024-03-11,172.94000244140625,174.3800048828125,172.0500030517578,172.75,60139500.0,1.183157220764297,179.28599929809567,184.60619934082033,183.87260025024415,178.0740670086488,1.05850309652063,2.3300018310546875,0.19000244140625
2024-03-12,173.14999389648438,174.02999877929688,171.00999450683594,173.22999572753906,59825400.0,0.2778557033511264,178.58999938964843,184.19919921875,183.87955024719238,177.61272688663837,1.064260927919913,3.0200042724609375,-0.0800018310546875
2024-03-13,172.77000427246094,173.19000244140625,170.75999450683594,171.1300048828125,52488700.0,-1.2122559005482425,177.8944999694824,183.77119934082032,183.87025024414064,176.9953247910359,1.0675587896481338,2.4300079345703125,1.6399993896484375
2024-03-14,172.91000366210938,174.30999755859375,172.0500030517578,173.0,72913500.0,1.0927336316434166,177.33700027465818,183.51839935302735,183.85810028076173,176.6148176680801,1.11692970781279,2.2599945068359375,-0.089996337890625
2024-03-15,171.1699981689453,172.6199951171875,170.2899932861328,172.6199951171875,121752700.0,-0.21965600162572319,176.77499999999998,183.2857992553711,183.83470024108885,176.2343583775189,1.116581496918754,2.3300018310546875,-1.4499969482421875
2024-03-18,175.57000732421875,177.7100067138672,173.52000427246094,173.72000122070312,75604200.0,0.6372414173507979,176.34550018310546,183.12199920654297,183.81705024719238,175.9948957911555,1.1283147565464315,4.19000244140625,1.850006103515625
2024-03-19,174.33999633789062,176.61000061035156,173.02999877929688,176.0800018310547,55215200.0,1.3585082856137465,176.0715003967285,183.01999938964843,183.79700027465822,176.00300112828876,1.1818825073428867,3.5800018310546875,-1.7400054931640625
2024-03-20,175.72000122070312,178.6699981689453,175.08999633789062,178.6699981689453,53423100.0,1.4709202129471022,175.88899993896484,182.88219940185547,183.7856002807617,176.25700084644654,1.2307740079525593,3.5800018310546875,-2.9499969482421875
2024-03-21,177.0500030517578,177.49000549316406,170.83999633789062,171.3699951171875,106181300.0,-4.085746418856029,175.23899993896484,182.60679931640624,183.7445502471924,175.79157172937425,1.484577558300547,6.6500091552734375,5.6800079345703125
2024-03-22,171.75999450683594,173.0500030517578,170.05999755859375,172.27999877929688,71160100.0,0.5310169154682409,174.72699966430665,182.32859924316406,183.70990020751952,175.45713621031928,1.488910626196891,2.9900054931640625,-0.5200042724609375
2024-03-25,170.57000732421875,171.94000244140625,169.4499969482422,170.85000610351562,54288300.0,-0.8300398687680399,174.21149978637695,182.03379943847656,183.675050201416,175.0183619144332,1.4904342624752498,2.4900054931640625,-0.279998779296875
2024-03-26,170.0,171.4199981689453,169.5800018310547,169.7100067138672,57388400.0,-0.6672515943357493,173.56549987792968,181.709599609375,183.62075019836425,174.51280427628404,1.4698802978409522,1.839996337890625,0.2899932861328125
2024-03-27,170.41000366210938,173.60000610351562,170.11000061035156,173.30999755859375,60273300.0,2.1212602099510702,173.1599998474121,181.50319946289062,183.5825001525879,174.39825125555163,1.567844595613151,3.4900054931640625,-2.899993896484375
2024-03-28,171.75,172.22999572753906,170.50999450683594,171.47999572753906,65672700.0,-1.0559124440792766,172.69649963378907,181.27919952392577,183.52095016479493,174.12032215764566,1.5788429448740489,1.720001220703125,0.2700042724609375
2024-04-01,171.19000244140625,171.25,169.47999572753906,170.02999877929688,46240500.0,-0.8455779008450959,172.21499938964843,180.90719940185548,183.45455017089844,173.73076755018386,1.58261675745403,1.7700042724609375,1.160003662109375
2024-04-02,169.0800018310547,169.33999633789062,168.22999572753906,168.83999633789062,49329500.0,-0.6998779332762939,171.9019989013672,180.4527993774414,183.37900016784667,173.26497981567974,1.494458945366253,1.1100006103515625,0.2400054931640625
2024-04-03,168.7899932861328,170.67999267578125,168.5800018310547,169.64999389648438,47691700.0,0.4797427008780275,171.87849884033204,179.96799926757814,183.29720016479493,172.92069544242304,1.3603659645890642,2.0999908447265625,-0.8600006103515625
2024-04-04,170.2899932861328,171.9199981689453,168.82000732421875,168.82000732421875,53704400.0,-0.489234660846527,171.8634994506836,179.44079956054688,183.21670021057128,172.53015371687977,1.3583198460620285,3.0999908447265625,1.4699859619140625
2024-04-05,169.58999633789062,170.38999938964844,168.9499969482422,169.5800018310547,42104800.0,0.4501803541427263,171.89249954223632,178.94239959716796,183.13955024719237,172.2491868706107,1.3618813104655147,1.44000244140625,0.0099945068359375
2024-04-08,169.02999877929688,169.1999969482422,168.24000549316406,168.4499969482422,37425500.0,-0.6663550363316229,171.77849960327148,178.42799957275392,183.06200019836425,171.88735925895656,1.3490937699811412,0.959991455078125,0.5800018310546875
2024-04-09,168.6999969482422,170.0800018310547,168.35000610351562,169.6699981689453,42373800.0,0.7242512572309456,171.62449951171874,177.9729995727539,182.975350189209,171.67618201228885,1.3306412320063643,1.7299957275390625,-0.970001220703125
2024-04-10,168.8000030517578,169.08999633789062,167.11000061035156,167.77999877929688,49709300.0,-1.113926687125033,171.35199966430665,177.49399963378906,182.88085021972657,171.30511694248008,1.3471545458585592,1.9799957275390625,1.0200042724609375
2024-04-11,168.33999633789062,175.4600067138672,168.16000366210938,175.0399932861328,91070300.0,4.327091762818491,171.54749908447266,177.23399963378907,182.82970016479493,171.6608194513994,1.6523427353159115,7.3000030517578125,-6.6999969482421875
2024-04-12,174.25999450683594,178.36000061035156,174.2100067138672,176.5500030517578,101670900.0,0.8626655756074131,171.72499923706056,177.07699981689453,182.77215019226074,172.12645598476684,1.6460468583634167,4.149993896484375,-2.290008544921875
2024-04-15,175.36000061035156,176.6300048828125,172.5,172.69000244140625,73531800.0,-2.1863497839872292,171.72849960327147,176.79359985351562,182.6893502044678,172.18012707587533,1.7239589165354428,4.1300048828125,2.6699981689453125
2024-04-16,171.75,173.75999450683594,168.27000427246094,169.3800048828125,73711200.0,-1.9167279586534414,171.51149978637696,176.46419982910157,182.5883002471924,171.9134487717741,1.7695178753764704,5.489990234375,2.3699951171875
2024-04-17,169.61000061035156,170.64999389648438,168.0,168.0,50901200.0,-0.8147389556206863,171.1074996948242,176.07059997558594,182.45845024108885,171.54073936493847,1.740989600445211,2.649993896484375,1.6100006103515625
2024-04-18,168.02999877929688,168.63999938964844,166.5500030517578,167.0399932861328,43122900.0,-0.5714325677780852,170.5259994506836,175.62539978027343,182.3313501739502,171.1120968812427,1.695887329471256,2.089996337890625,0.9900054931640625
2024-04-19,166.2100067138672,166.39999389648438,164.0800018310547,165.0,68149400.0,-1.2212603975853775,170.2074996948242,175.13719970703124,182.19970016479493,170.52999241636246,1.4668127916882472,2.3199920654296875,1.2100067138671875
2024-04-22,165.52000427246094,167.25999450683594,164.77000427246094,165.83999633789062,48116400.0,0.5090886896306879,169.8854995727539,174.68759948730468,182.0698501586914,170.08332612317466,1.4662621310466355,2.489990234375,-0.3199920654296875
2024-04-23,165.35000610351562,167.0500030517578,164.9199981689453,166.89999389648438,49537800.0,0.6391688265803275,169.68799896240233,174.24859924316405,181.95095016479493,169.78015162539464,1.46879421276086,2.1300048828125,-1.54998779296875
2024-04-24,166.5399932861328,169.3000030517578,166.2100067138672,169.02000427246094,48251800.0,1.2702279529689164,169.65349884033202,173.88599945068358,181.85300018310548,169.70775663940094,1.4935655911306545,3.089996337890625,-2.480010986328125
2024-04-25,169.52999877929688,170.61000061035156,168.14999389648438,169.88999938964844,50558300.0,0.5147290824730311,169.48249893188478,173.58299957275392,181.76205017089845,169.72511309180547,1.4139979809246708,2.4600067138671875,-0.3600006103515625
2024-04-26,169.8800048828125,171.33999633789062,169.17999267578125,169.3000030517578,44838400.0,-0.3472813820767917,169.3734992980957,173.28599975585936,181.6597001647949,169.68462642132474,1.397305970095088,2.160003662109375,0.5800018310546875
2024-04-29,173.3699951171875,176.02999877929688,173.10000610351562,173.5,68169400.0,2.4808014604454476,169.54699935913087,173.07879974365235,181.57450019836426,170.0479953335795,1.4929200144685948,2.92999267578125,-0.1300048828125
2024-04-30,173.3300018310547,174.99000549316406,170.0,170.3300018310547,65934800.0,-1.8270882818128609,169.62149963378906,172.83919982910157,181.4727001953125,170.0748530952438,1.5455154031633325,4.9900054931640625,3.0
2024-05-01,169.5800018310547,172.7100067138672,169.11000061035156,169.3000030517578,50383100.0,-0.6047077838456816,169.60400009155273,172.59399993896486,181.34925018310548,170.00105785300704,1.5488557901307194,3.600006103515625,0.279998779296875
2024-05-02,172.50999450683594,173.4199981689453,170.88999938964844,173.02999877929688,94214900.0,2.203187040935095,169.81449966430665,172.4081997680664,181.24575019836425,170.2895284174156,1.6194088240132005,2.529998779296875,-0.5200042724609375
2024-05-03,186.6499938964844,187.0,182.66000366210932,183.3800048828125,163224100.0,5.981625253732603,170.50449981689454,172.3883999633789,181.18715019226073,171.5362404617391,2.0821886756327976,4.339996337890682,3.2699890136719034
2024-05-06,182.3500061035156,184.1999969482422,180.4199981689453,181.7100067138672,78569700.0,-0.9106762593950823,171.1675003051758,172.37220001220703,181.13005020141603,172.50517058098941,2.0895528949326914,3.779998779296875,0.6399993896484091
2024-05-07,183.4499969482422,184.8999938964844,181.32000732421875,182.3999938964844,77305800.0,0.3797188691450071,171.80400009155272,172.39699981689452,181.0823501586914,173.44753470627464,2.088158158600326,3.5799865722656534,1.050003051757784
2024-05-08,182.8500061035156,183.07000732421875,181.4499969482422,182.7400054931641,45057100.0,0.18640987283840005,172.5520004272461,172.39919982910158,181.03230018615722,174.33253192407363,2.059148586737641,1.6200103759765625,0.11000061035150566
2024-05-09,182.5599975585937,184.66000366210932,182.1100006103516,184.57000732421875,48983000.0,1.0014237583697128,173.02850112915038,172.46220001220703,180.98705024719237,175.3075295812303,1.8533872447844626,2.5500030517577272,-2.010009765625057
2024-05-10,184.8999938964844,185.08999633789065,182.1300048828125,183.0500030517578,50759500.0,-0.8235380680192916,173.3535011291504,172.5082000732422,180.92980026245118,176.04490800699483,1.8638786337212883,2.9599914550781534,1.849990844726591
2024-05-13,185.44000244140625,187.1000061035156,184.6199951171875,186.27999877929688,72044800.0,1.7645428427694565,174.03300094604492,172.64059997558593,180.89510025024413,177.01967855673786,1.806452838933866,2.4800109863280966,-0.839996337890625
2024-05-14,187.509994506836,188.3000030517578,186.2899932861328,187.42999267578125,52393600.0,0.6173469529849429,174.93550033569335,172.88719970703124,180.85310020446778,178.01113704426578,1.722728784007143,2.010009765625,0.08000183105474434
2024-05-15,187.91000366210932,190.6499938964844,187.3699951171875,189.72000122070312,70400000.0,1.2217940748059153,176.02150039672853,173.27919982910157,180.81945022583008,179.12626696583123,1.6996299641813999,3.2799987792969034,-1.8099975585938068
2024-05-16,190.47000122070312,191.1000061035156,189.66000366210932,189.83999633789065,52845200.0,0.0632485327932919,177.1615005493164,173.69359985351562,180.79060020446778,180.1466221441226,1.6819842743322846,1.4400024414062784,0.6300048828124716
2024-05-17,189.509994506836,190.8099975585937,189.17999267578125,189.8699951171875,41282900.0,0.015802138577503122,178.40500030517578,174.11099975585938,180.77705017089843,181.07265766536688,1.6313412110556493,1.6300048828124432,-0.36000061035150566
2024-05-20,189.3300018310547,191.9199981689453,189.009994506836,191.0399932861328,44361300.0,0.6162101432736655,179.66500015258788,174.51719970703124,180.77640014648438,182.02192772448743,1.6307991463876186,2.910003662109318,-1.709991455078125
2024-05-21,191.08999633789065,192.72999572753903,190.9199981689453,192.3500061035156,42309400.0,0.6857270013722605,180.93750076293946,174.90919982910157,180.82820014953614,183.00555423677582,1.6307076909599028,1.8099975585937216,-1.2600097656249432
2024-05-22,192.2700042724609,192.82000732421875,190.2700042724609,190.8999938964844,34648500.0,-0.7538404788252739,182.03150024414063,175.26259979248047,180.88845008850097,183.75740563293857,1.657640559418642,2.550003051757841,1.3700103759765057
2024-05-23,190.97999572753903,191.0,186.6300048828125,186.8800048828125,51005900.0,-2.105808874908477,182.88100051879883,175.57759979248047,180.92385009765624,184.05479603768848,1.7666562348046368,4.3699951171875,4.099990844726534
2024-05-24,188.82000732421875,190.5800018310547,188.0399932861328,189.97999572753903,36327000.0,1.658813550797178,183.91500015258788,175.91719970703124,180.98280006408692,184.61910077005518,1.773418765227197,2.540008544921875,-1.159988403320284
2024-05-28,191.509994506836,193.0,189.1000061035156,189.9900054931641,52280100.0,0.005268852431927762,184.7395004272461,176.2645999145508,181.04290008544922,185.1306155055894,1.7202854515394963,3.8999938964844034,1.5199890136719034
2024-05-29,189.6100006103516,192.25,189.509994506836,190.2899932861328,53068000.0,0.15789661787208864,185.7375,176.59599975585937,181.10540008544922,185.6219848180221,1.636056164248437,2.7400054931640057,-0.6799926757812216
2024-05-30,190.759994506836,192.17999267578125,190.6300048828125,191.2899932861328,49889100.0,0.5255137081729533,186.83699951171874,176.90019958496094,181.16455001831054,186.16179514831833,1.612770695360937,1.54998779296875,-0.5299987792968182
2024-05-31,191.44000244140625,192.57000732421875,189.91000366210932,192.25,75158300.0,0.5018593484036549,187.7979995727539,177.17179962158204,181.23855003356934,186.7416241818118,1.5694070685459662,2.660003662109432,-0.80999755859375
2024-06-03,192.8999938964844,194.9900054931641,192.5200042724609,194.02999877929688,50080500.0,0.9258771283728873,188.33049926757812,177.62499969482423,181.32584999084472,187.43575509585798,0.9191508715589257,2.470001220703182,-1.1300048828124716
2024-06-04,194.63999938964844,195.32000732421875,193.02999877929688,194.3500061035156,47471400.0,0.16492672588361845,188.96249923706054,178.0663998413086,181.4276000213623,188.09425519182537,0.8758528185179203,2.290008544921875,0.2899932861328409
2024-06-05,195.3999938964844,196.8999938964844,194.8699951171875,195.8699951171875,54156800.0,0.7820884826020169,189.6359992980957,178.56679962158202,181.53449996948243,188.83480185138367,0.8814057169867945,2.0299987792969034,-0.4700012207030966
2024-06-06,195.69000244140625,196.5,194.1699981689453,194.47999572753903,41181800.0,-0.7096540686677644,190.22299880981444,179.06219940185548,181.62769996643067,189.37243936339848,0.9129351318042762,2.3300018310546875,1.210006713867216
2024-06-07,194.6499938964844,196.94000244140625,194.13999938964844,196.88999938964844,53103900.0,1.239203884745943,190.83899841308593,179.53379943847656,181.7259999847412,190.0883974611366,0.9238176026812819,2.8000030517578125,-2.240005493164034
2024-06-10,196.8999938964844,197.3000030517578,192.1499938964844,193.1199951171875,97010200.0,-1.9147769232301326,191.3424980163574,179.96659942626954,181.7859999847412,190.37712104742718,1.022357315075457,5.150009155273409,3.7799987792969034
2024-06-11,193.6499938964844,207.16000366210932,193.6300048828125,207.1499938964844,172373300.0,7.264912559045644,192.3859977722168,180.7089993286133,181.93984992980958,191.97453750924217,1.8497139333205104,13.529998779296818,-13.5
2024-06-12,207.3699951171875,220.1999969482422,206.8999938964844,213.07000732421875,198134300.0,2.857839054869893,193.66799850463866,181.59359954833985,182.1121499633789,193.9836298725733,1.920614052978101,13.300003051757784,-5.70001220703125
2024-06-13,214.7400054931641,216.75,211.6000061035156,214.2400054931641,97862700.0,0.5491144359726752,194.8939987182617,182.48539978027344,182.2823999786377,195.91280850310574,1.9161455523172457,5.149993896484403,0.5
2024-06-14,213.8500061035156,215.1699981689453,211.3000030517578,212.4900054931641,70122700.0,-0.8168409051202308,196.02649917602542,183.35879974365236,182.42425003051758,197.49158916882558,1.9397223645597124,3.8699951171875,1.3600006103515057
2024-06-17,213.3699951171875,218.9499969482422,212.72000122070312,216.6699981689453,93728300.0,1.9671478976528656,197.3664993286133,184.30059967041015,182.5693500518799,199.31810431169413,1.9587002157501545,6.2299957275390625,-3.3000030517578125
2024-06-18,217.58999633789065,218.6300048828125,213.0,214.2899932861328,79943300.0,-1.0984469021671939,198.52899932861328,185.21739959716797,182.70145004272462,200.7439984997359,1.9987585544096167,5.6300048828125,3.300003051757841
2024-06-20,213.92999267578125,214.2400054931641,208.8500061035156,209.67999267578125,86172500.0,-2.1512906597537684,199.3954986572266,186.0175994873047,182.80254997253417,201.59504556412116,2.090497146585208,5.389999389648494,4.25
2024-06-21,210.38999938964844,211.88999938964844,207.1100006103516,207.4900054931641,241805100.0,-1.0444426073609403,200.22499923706056,186.81179962158203,182.8915000152588,202.15647031926812,2.100309998479126,4.779998779296847,2.8999938964843466
2024-06-24,207.72000122070312,212.6999969482422,206.58999633789065,208.13999938964844,80727000.0,0.313265159417897,201.28799896240236,187.47379974365234,183.0176499938965,202.7263302307329,2.013989653240232,6.110000610351534,-0.4199981689453125
2024-06-25,209.1499938964844,211.3800048828125,208.6100006103516,209.07000732421875,55549700.0,0.4468184574312861,202.24249954223635,188.12419982910157,183.1752000427246,203.33048995392204,1.9973175611636491,2.770004272460909,0.07998657226565342
2024-06-26,211.5,214.8600006103516,210.63999938964844,213.25,66213200.0,1.9993267945406679,203.40549926757814,188.93539978027343,183.3505500793457,204.27520519640564,2.0210393867273617,4.220001220703153,-1.75
2024-06-27,214.69000244140625,215.7400054931641,212.3500061035156,214.1000061035156,49772700.0,0.39859606260990166,204.59599990844725,189.8297998046875,183.52425010681154,205.2109005208923,2.0189962311079164,3.3899993896484943,0.5899963378906534
2024-06-28,215.7700042724609,216.07000732421875,210.3000030517578,210.6199951171875,82542700.0,-1.6254137725925766,205.5625,190.68219970703126,183.69585006713868,205.72605238720612,2.080098749940416,5.7700042724609375,5.150009155273409
2024-07-01,212.08999633789065,217.509994506836,211.9199981689453,216.75,60402900.0,2.910457233370378,206.7875,191.67639984130858,183.90855003356933,206.77595215985315,2.1486540375431287,5.589996337890682,-4.660003662109347
2024-07-02,216.1499938964844,220.3800048828125,215.1000061035156,220.2700042724609,58046200.0,1.6239927439265944,208.0995002746582,192.7817999267578,184.1312000274658,208.06109998010152,2.1594778015180656,5.279998779296903,-4.120010375976506
2024-07-03,220.0,221.5500030517578,219.02999877929688,221.5500030517578,37369800.0,0.581104442034519,209.45950012207032,193.89600006103515,184.36390007019043,209.34575741549736,2.156481134685433,2.5200042724609375,-1.5500030517578125
2024-07-05,221.6499938964844,226.4499969482422,221.6499938964844,226.33999633789065,60412400.0,2.162037111330495,210.98300018310547,195.0848001098633,184.60575004577638,210.96425636048718,2.1818911582597695,4.800003051757784,-4.69000244140625
2024-07-08,227.08999633789065,227.8500061035156,223.25,227.82000732421875,59085900.0,0.653888402524605,212.65000076293944,196.26080017089845,184.84950004577638,212.56956597608067,2.155097164818874,4.600006103515597,-0.7300109863280966
2024-07-09,227.92999267578125,229.3999938964844,226.3699951171875,228.67999267578125,48076100.0,0.377484559702701,214.2395004272461,197.4366000366211,185.11544998168947,214.10389232843312,2.1548011998820695,3.0299987792969034,-0.75
2024-07-10,229.3000030517578,233.0800018310547,229.25,232.97999572753903,62627700.0,1.8803582252402196,216.23250045776368,198.71019989013672,185.41069999694824,215.9016164616813,2.0711568669385327,3.8300018310546875,-3.6799926757812216
2024-07-11,231.38999938964844,232.38999938964844,225.7700042724609,227.57000732421875,64710600.0,-2.3220827978926772,217.25350112915038,199.7916000366211,185.67460006713867,217.01289178192297,1.589051235555607,6.619995117187528,3.8199920654296875
2024-07-12,228.9199981689453,232.63999938964844,228.67999267578125,230.5399932861328,53046500.0,1.3050867277438316,218.1270004272461,200.99579986572266,185.94690002441405,218.30118716327627,1.5024972041991183,3.9600067138671875,-1.6199951171875
2024-07-15,236.47999572753903,237.22999572753903,233.08999633789065,234.3999938964844,62631300.0,1.674330147811176,219.1349998474121,202.29779968261718,186.25909996032715,219.83440685215325,1.5289907295479912,4.139999389648381,2.0800018310546307
2024-07-16,235.0,236.2700042724609,232.3300018310547,234.82000732421875,43234300.0,0.17918662059344115,220.25149993896486,203.53359985351562,186.58105003356934,221.26160689711188,1.5011196997470384,3.9400024414062216,0.17999267578125
2024-07-17,229.4499969482422,231.4600067138672,226.63999938964844,228.8800048828125,57345900.0,-2.5295980990260425,220.86200027465821,204.44359985351562,186.87200004577636,221.98716861003575,1.6048087047566546,4.82000732421875,0.5699920654296875
2024-07-18,230.27999877929688,230.44000244140625,222.2700042724609,224.17999267578125,66034600.0,-2.0534830945314275,221.35650024414062,205.2929995727539,187.13684997558593,222.1960089972496,1.6614054243052874,8.169998168945341,6.100006103515625
2024-07-19,224.82000732421875,226.8000030517578,223.27999877929688,224.3099975585937,49151500.0,0.05799129586039342,222.08800048828124,206.1311996459961,187.3896499633789,222.39734124118715,1.564749915377726,3.5200042724609375,0.5100097656250568
2024-07-22,227.009994506836,227.77999877929688,223.08999633789065,223.9600067138672,48201800.0,-0.15602998017735237,222.9115005493164,206.95559967041015,187.64745002746582,222.54616652429954,1.5354327656479587,4.690002441406222,3.049987792968807
2024-07-23,224.3699951171875,226.94000244140625,222.67999267578125,225.009994506836,39960300.0,0.4688282557118617,223.75500030517577,207.7643994140625,187.90419998168946,222.78081680835064,1.535396994567424,4.260009765625,-0.6399993896484943
2024-07-24,224.0,224.8000030517578,217.1300048828125,218.5399932861328,61777600.0,-2.8754283714746753,224.22849960327147,208.47419921875,188.12234992980956,222.37692885385368,1.7010326718566202,7.6699981689453125,5.4600067138671875
2024-07-25,218.92999267578125,220.8500061035156,214.6199951171875,217.4900054931641,51391200.0,-0.4804556718339348,224.44049987792968,209.09839935302733,188.32234992980958,221.91150758140708,1.6554682788082578,6.230010986328097,1.439987182617159
2024-07-26,218.6999969482422,219.4900054931641,216.009994506836,217.9600067138672,41601300.0,0.2161024455525462,224.63349990844728,209.70899963378906,188.51719993591308,221.53517416545088,1.6543053409339252,3.4800109863280966,0.739990234375
2024-07-29,216.9600067138672,219.3000030517578,215.75,218.2400054931641,36311800.0,0.1284633743219077,225.0145004272461,210.27939971923828,188.71644996643067,221.22134857761404,1.6036023454092019,3.5500030517578125,-1.2799987792969034
2024-07-30,219.19000244140625,220.3300018310547,216.1199951171875,218.8000030517578,41643800.0,0.25659711533101426,225.11700057983398,210.8585998535156,188.91144996643067,220.99074424181822,1.4709692626425974,4.2100067138671875,0.3899993896484375
2024-07-31,221.44000244140625,223.82000732421875,220.6300048828125,222.0800018310547,50036300.0,1.4990853444005525,225.20750045776367,211.50279998779297,189.1182999420166,221.09448305984074,1.4642175787387013,3.19000244140625,-0.6399993896484375
2024-08-01,224.3699951171875,224.47999572753903,217.0200042724609,218.3600006103516,62501000.0,-1.6750725819666745,225.04800033569336,212.04920013427736,189.31584991455077,220.8340561598894,1.5075129456264695,7.459991455078125,6.009994506835909
2024-08-02,219.1499938964844,225.6000061035156,217.7100067138672,219.8600006103516,105568600.0,0.6869389978967133,224.7240005493164,212.59940002441405,189.52154991149902,220.74128896469534,1.4269245245135163,7.889999389648409,-0.7100067138671875
2024-08-05,199.08999633789065,213.5,196.0,209.2700042724609,119548600.0,-4.816699858315232,223.7965003967285,212.9668002319336,189.68214996337892,219.648785660673,1.7544153052376732,17.5,-10.180007934570256
2024-08-06,205.3000030517578,209.9900054931641,201.07000732421875,207.22999572753903,69660500.0,-0.9748212850733573,222.7240005493164,213.37380004882812,189.83909996032716,218.4660437622793,1.7485612753415558,8.919998168945341,-1.9299926757812216
2024-08-07,206.8999938964844,213.63999938964844,206.38999938964844,209.82000732421875,63516400.0,1.2498246634550902,221.56600112915038,213.77060028076173,190.0108999633789,217.64261172055924,1.7090680335311559,7.25,-2.9200134277343466
2024-08-08,213.1100006103516,214.1999969482422,208.8300018310547,213.3099975585937,47161100.0,1.6633257613903885,220.85300064086914,214.2370001220703,190.2130499267578,217.22998180037206,1.7187424306101868,5.3699951171875,-0.19999694824210223
2024-08-09,212.1000061035156,216.77999877929688,211.97000122070312,216.2400054931641,42201600.0,1.3735914716165976,220.13800125122071,214.75600036621094,190.42924995422362,217.13569834254275,1.722192760539465,4.80999755859375,-4.139999389648494
2024-08-12,216.07000732421875,219.509994506836,215.6000061035156,217.52999877929688,38028100.0,0.5965562584919315,219.29450149536132,215.2808004760742,190.64969993591308,217.17325076509076,1.6731501475368722,3.9099884033203978,-1.459991455078125
2024-08-13,219.009994506836,221.88999938964844,219.009994506836,221.2700042724609,44155300.0,1.7193056195245138,218.61700134277345,215.86120056152345,190.9005499267578,217.56341776579268,1.7335860770083038,2.880004882812443,-2.2600097656249147
2024-08-14,220.57000732421875,223.02999877929688,219.6999969482422,221.72000122070312,41960600.0,0.20337006352117992,218.25900115966797,216.41500061035157,191.17469993591308,217.95928285673654,1.6529540500609112,3.3300018310546875,-1.149993896484375
2024-08-15,224.6000061035156,225.3500061035156,222.759994506836,224.72000122070312,46414000.0,1.353057903429189,218.28600158691407,217.0224005126953,191.45719993591308,218.60316079616194,1.621218186196204,2.5900115966796022,-0.11999511718752842
2024-08-16,223.9199981689453,226.8300018310547,223.6499938964844,226.0500030517578,44340200.0,0.5918484442105632,218.37300186157228,217.62600067138672,191.7359999847412,219.31238386812345,1.6261820037027501,3.180007934570284,-2.1300048828125
2024-08-19,225.72000122070312,225.9900054931641,223.0399932861328,225.88999938964844,40687800.0,-0.07078241979617816,218.46950149536133,218.25420074462892,192.01159996032715,219.938823441602,1.6257212967030124,2.9500122070312784,-0.1699981689453125
2024-08-20,225.7700042724609,227.1699981689453,225.4499969482422,226.509994506836,30299000.0,0.2744677138708074,218.54450149536132,218.84660064697266,192.2742999267578,220.56464925733857,1.6237013179546105,1.720001220703125,-0.7399902343750853
2024-08-21,226.5200042724609,227.97999572753903,225.0500030517578,226.3999938964844,34765500.0,-0.048563247988719915,218.9375015258789,219.5122006225586,192.51844985961915,221.12039636582864,1.4719582112288123,2.9299926757812216,0.12001037597650566
2024-08-22,227.7899932861328,228.33999633789065,223.8999938964844,224.52999877929688,43695300.0,-0.8259695969967784,219.28950119018555,219.85980072021485,192.7578498840332,221.44512040520658,1.4821998590794587,4.44000244140625,3.2599945068359375
2024-08-23,225.66000366210932,228.22000122070312,224.3300018310547,226.83999633789065,38677300.0,1.0288146667049247,219.7335006713867,220.13520050048828,192.99589988708496,221.95891811308127,1.4946179457326656,3.8899993896484375,-1.1799926757813353
2024-08-26,226.759994506836,227.27999877929688,223.88999938964844,227.17999267578125,30602200.0,0.14988376978464224,220.18050003051758,220.3940002441406,193.22269981384278,222.4561633095289,1.4945636134294797,3.3899993896484375,-0.41999816894525566
2024-08-27,226.0,228.8500061035156,224.88999938964844,228.02999877929688,35934600.0,0.37415535298863656,220.64199981689453,220.70480010986327,193.44839981079102,222.98700478284013,1.4949804358971204,3.960006713867159,-2.029998779296875
2024-08-28,227.9199981689453,229.8600006103516,225.67999267578125,226.4900054931641,38052200.0,-0.6753467940081359,220.8625,220.90120025634766,193.6687998199463,223.32062389810906,1.47582579990827,4.180007934570341,1.4299926757812216
2024-08-29,230.1000061035156,232.9199981689453,228.8800048828125,229.7899932861328,51906300.0,1.4570125448949867,221.43399963378906,221.21120025634767,193.88574981689453,223.93675431601608,1.4423584759483956,4.0399932861328125,0.3100128173827841
2024-08-30,230.19000244140625,230.3999938964844,227.47999572753903,229.0,52990800.0,-0.34378924636161434,221.8909996032715,221.59760040283203,194.10674980163574,224.4189681906812,1.4449196102504134,2.9199981689453693,1.19000244140625
2024-09-03,228.5500030517578,229.0,221.1699981689453,222.7700042724609,50190600.0,-2.7205221517637934,222.56599960327148,221.90320037841798,194.28339981079102,224.26192400799354,1.0942914314696799,7.8300018310546875,5.779998779296903
2024-09-04,221.66000366210932,221.77999877929688,217.47999572753903,220.8500061035156,43840200.0,-0.861874638471094,223.24700012207032,222.15740051269532,194.4475998687744,223.9369794456623,1.0875347855271646,4.300003051757841,0.8099975585937216
2024-09-05,221.6300048828125,225.47999572753903,221.5200042724609,222.3800048828125,36615400.0,0.6927773316790287,223.875,222.4236004638672,194.61094985961915,223.78869615396232,1.0695720404570095,3.959991455078125,-0.75
2024-09-06,223.9499969482422,225.2400054931641,219.7700042724609,220.82000732421875,48423000.0,-0.7015008203708928,224.25050048828126,222.57500061035157,194.7665998840332,223.50596388446294,1.0408545895993195,5.470001220703182,3.1299896240234375
2024-09-09,220.82000732421875,221.2700042724609,216.7100067138672,220.91000366210932,67180000.0,0.04075551802624755,224.4840003967285,222.71120056152344,194.91389991760255,223.25872957757213,1.0022508106379637,4.559997558593722,-0.08999633789056816
2024-09-10,218.9199981689453,221.47999572753903,216.72999572753903,220.1100006103516,51591000.0,-0.36213980285898506,224.61300048828124,222.90100067138673,195.06124992370604,222.95885062831303,1.0007649118867026,4.75,-1.1900024414062784
2024-09-11,221.4600067138672,223.08999633789065,217.88999938964844,222.66000366210932,44587100.0,1.1585130365211693,224.68250045776367,223.0192007446289,195.21799995422364,222.9303890124841,0.9589191508028305,5.199996948242216,-1.1999969482421307
2024-09-12,222.5,223.5500030517578,219.82000732421875,222.7700042724609,37455600.0,0.04940295003250661,224.73500061035156,223.06920074462892,195.38199996948242,222.91511427533905,0.9581199964869079,3.7299957275390625,-0.2700042724609091
2024-09-13,223.5800018310547,224.0399932861328,221.91000366210932,222.5,36766600.0,-0.1212031545013037,224.6240005493164,223.08820068359375,195.54555000305174,222.87557958244963,0.9061115603775872,2.1299896240234943,1.0800018310546875
2024-09-16,216.5399932861328,217.22000122070312,213.9199981689453,216.32000732421875,59357400.0,-2.7775247981039364,224.13750076293945,222.8878009033203,195.67515007019043,222.25123936738,1.0782165963439176,3.3000030517578125,0.2199859619140625
2024-09-17,215.75,216.8999938964844,214.5,216.7899932861328,45519300.0,0.21726421320320544,223.68250045776367,222.6672006225586,195.81225006103514,221.7311206929755,1.082149358701889,2.3999938964844034,-1.0399932861328125
2024-09-18,217.5500030517578,222.7100067138672,217.5399932861328,220.69000244140625,59894900.0,1.7989802463465043,223.3915008544922,222.5074008178711,195.965950088501,221.63196657377844,1.1676289450428725,5.170013427734375,-3.1399993896484375
2024-09-19,224.9900054931641,229.82000732421875,224.6300048828125,228.8699951171875,66781300.0,3.7065533487195657,223.51500091552734,222.42520080566408,196.1541000366211,222.3213026255317,1.4484613660110193,5.19000244140625,-3.879989624023409
2024-09-20,229.97000122070312,233.08999633789065,227.6199951171875,228.1999969482422,318679900.0,-0.2927418111763669,223.6985008239746,222.43780059814452,196.3479500579834,222.88117827531366,1.4360681389872072,5.470001220703153,1.7700042724609375
2024-09-23,227.33999633789065,229.4499969482422,225.8099975585937,226.47000122070312,54146000.0,-0.7581050616453089,223.68000106811525,222.35640075683594,196.5132000732422,223.22297093677932,1.4302174864788593,3.6399993896484943,0.8699951171875284
2024-09-24,228.6499938964844,229.3500061035156,225.72999572753903,227.3699951171875,43556100.0,0.39740093241191765,223.68950119018555,222.21580078125,196.68845001220703,223.61792562062772,1.432637649629236,3.6200103759765625,1.2799987792969034
2024-09-25,224.92999267578125,227.2899932861328,224.0200042724609,226.3699951171875,42308700.0,-0.43981177001151117,223.60650100708008,222.04680053710936,196.84894996643067,223.88002747744295,1.433426349035765,3.2699890136719034,-1.44000244140625
2024-09-26,227.3000030517578,228.5,225.41000366210932,227.5200042724609,36636700.0,0.5080219022304933,223.65800094604492,222.01960052490233,197.00799995422364,224.22669193411133,1.4296650780283369,3.089996337890682,-0.22000122070309658
2024-09-27,228.4600067138672,229.5200042724609,227.3000030517578,227.7899932861328,34026000.0,0.11866605511687833,223.55800094604493,222.09180053710938,197.18104995727538,224.56605396763717,1.3902516572086916,2.2200012207030966,0.670013427734375
2024-09-30,230.0399932861328,233.0,229.6499938964844,233.0,54541900.0,2.287197360475246,223.75800094604492,222.2656005859375,197.37249992370604,225.36928692310028,1.4809658820784455,3.3500061035155966,-2.9600067138671875
2024-10-01,229.5200042724609,229.6499938964844,223.7400054931641,226.2100067138672,63285000.0,-2.9141602086406926,223.93000106811525,222.3106005859375,197.51374992370606,225.44935547460187,1.5008545107045173,5.9099884033203125,3.3099975585937216
2024-10-02,225.88999938964844,227.3699951171875,223.0200042724609,226.77999877929688,32880600.0,0.2519747352073054,224.22650070190429,222.34600067138672,197.65709991455077,225.57608340838235,1.4843538518621098,4.349990844726591,-0.8899993896484375
2024-10-03,225.13999938964844,226.8099975585937,223.32000732421875,225.6699981689453,34044200.0,-0.4894614235498862,224.39100036621093,222.48860076904296,197.79759986877443,225.5850276712931,1.4848485048181228,3.489990234374943,-0.529998779296875
2024-10-04,227.8999938964844,228.0,224.1300048828125,226.8000030517578,37245100.0,0.5007333238716605,224.69000015258788,222.67480072021485,197.95214988708497,225.70073961228974,1.475686173944261,3.8699951171875,1.099990844726591
2024-10-07,224.5,225.69000244140625,221.3300018310547,221.69000244140625,39505400.0,-2.253086658550618,224.72900009155273,222.74940063476564,198.07589988708497,225.31876464363418,1.5702446308939686,4.3600006103515625,2.80999755859375
2024-10-08,224.3000030517578,225.97999572753903,223.25,225.7700042724609,31855700.0,1.8404085823098937,225.0120002746582,222.90000061035155,198.230599899292,225.36173984637958,1.6178595305691184,2.729995727539034,-1.4700012207030966
2024-10-09,225.22999572753903,229.75,224.8300018310547,229.5399932861328,33591100.0,1.669836090857424,225.3559997558594,223.11480041503907,198.40489990234374,225.7596687454037,1.6387164134276537,4.9199981689453125,-4.309997558593778
2024-10-10,227.77999877929688,229.5,227.1699981689453,229.0399932861328,28183500.0,-0.21782696463562568,225.66949920654298,223.25400024414063,198.58209983825682,226.07208060642552,1.640796831776361,2.3300018310546875,-1.2599945068359375
2024-10-11,229.3000030517578,229.41000366210932,227.33999633789065,227.5500030517578,31759200.0,-0.6505371454991304,225.92199935913087,223.43780029296875,198.75459983825684,226.2128351250286,1.6496749656431116,2.0700073242186647,1.75
2024-10-14,228.6999969482422,231.72999572753903,228.6000061035156,231.3000030517578,39882100.0,1.647989430765695,226.6709991455078,223.66660034179688,198.9453498840332,226.6973273085266,1.5324736948357955,3.1299896240234375,-2.600006103515625
2024-10-15,233.6100006103516,237.4900054931641,232.3699951171875,233.8500061035156,64751400.0,1.1024656368842312,227.52399978637695,224.15820037841797,199.1466999053955,227.37853481281127,1.541303316410928,5.120010375976591,-0.24000549316400566
2024-10-16,231.6000061035156,232.1199951171875,229.83999633789065,231.77999877929688,34082200.0,-0.8851859184054955,228.0784996032715,224.64920043945312,199.3429499053955,227.79772185723846,1.529038739501561,2.2799987792968466,-0.17999267578127842
2024-10-17,233.42999267578125,233.8500061035156,230.5200042724609,232.1499938964844,32993800.0,0.1596320300009335,228.24249954223632,225.09580017089843,199.5754998779297,228.21222395621427,1.2957182488343708,3.3300018310546875,1.2799987792968466
2024-10-18,236.17999267578125,236.17999267578125,234.009994506836,235.0,46431500.0,1.227657195109133,228.5824996948242,225.52960021972658,199.8292498779297,228.8586788175272,1.317173053924375,2.1699981689452557,1.17999267578125
2024-10-21,234.4499969482422,236.8500061035156,234.4499969482422,236.47999572753903,36254500.0,0.629785415974049,229.082999420166,225.93440002441406,200.10209983825683,229.58451852324262,1.303008099471639,2.400009155273409,-2.0299987792968466
2024-10-22,233.88999938964844,236.22000122070312,232.6000061035156,235.8600006103516,38846600.0,-0.2621765597043413,229.50749969482422,226.30100006103515,200.37549987792968,230.18218348391966,1.3067454810445394,3.6199951171875284,-1.9700012207031534
2024-10-23,234.0800018310547,235.13999938964844,227.759994506836,230.759994506836,52287000.0,-2.1623022514703383,229.72699966430665,226.49079986572266,200.6014998626709,230.23721310514978,1.4037157169578844,7.380004882812443,3.320007324218693
2024-10-24,229.97999572753903,230.82000732421875,228.41000366210932,230.57000732421875,31109500.0,-0.08233107433689435,229.87949981689454,226.66779998779296,200.82864990234376,230.26890779268015,1.4010099263248763,2.410003662109432,-0.5900115966797159
2024-10-25,229.7400054931641,233.22000122070312,229.57000732421875,231.41000366210932,38802300.0,0.36431292501517554,230.06050033569335,226.8016000366211,201.05474990844726,230.37758358976865,1.4024799845658897,3.649993896484375,-1.6699981689452272
2024-10-28,233.32000732421875,234.72999572753903,232.5500030517578,233.3999938964844,36087100.0,0.8599413175243376,230.08050003051758,226.94859985351562,201.29379989624024,230.66543219040824,1.318498473486853,2.1799926757812216,-0.07998657226565342
2024-10-29,233.1000061035156,234.3300018310547,232.32000732421875,233.6699981689453,35417200.0,0.11568306748999113,230.4534996032715,227.10419982910156,201.53254989624023,230.9515813312213,1.1236705207946696,2.0099945068359375,-0.5699920654297159
2024-10-30,232.6100006103516,233.47000122070312,229.5500030517578,230.1000061035156,47070900.0,-1.5277922255336307,230.61949996948243,227.17600006103515,201.76489990234376,230.87047892858266,1.1854755043833785,3.9199981689453125,2.5099945068359943
2024-10-31,229.33999633789065,229.8300018310547,225.3699951171875,225.91000366210932,64370100.0,-1.8209484268858822,230.63150024414062,227.16620025634765,201.9810499572754,230.39805271272806,1.2544811303230972,4.4600067138671875,3.4299926757813353
2024-11-01,220.97000122070312,225.3500061035156,220.2700042724609,222.91000366210932,65276700.0,-1.3279624414008095,230.4370002746582,227.1338003540039,202.1524499511719,229.68490518409772,1.2833578683757865,5.0800018310546875,-1.9400024414061932
2024-11-04,220.9900054931641,222.7899932861328,219.7100067138672,222.009994506836,44944500.0,-0.4037544930632908,230.4529998779297,227.03720031738283,202.30469993591308,228.95396131007277,1.180979827078918,3.079986572265625,-1.0199890136719034
2024-11-05,221.8000030517578,223.9499969482422,221.13999938964844,223.4499969482422,28111300.0,0.6486205472888473,230.33699951171874,226.96260040283204,202.45249992370606,228.42977422799368,1.1120190393642595,2.80999755859375,-1.649993896484375
2024-11-06,222.6100006103516,226.07000732421875,221.19000244140625,222.72000122070312,54561100.0,-0.32669310248778505,229.99599990844726,226.85640045166016,202.59019996643067,227.88598632253743,1.0369882676926485,4.8800048828125,-0.11000061035153408
2024-11-07,224.6300048828125,227.8800048828125,224.57000732421875,227.47999572753903,42137700.0,2.137210165565251,229.9180000305176,226.87620025634766,202.75509994506837,227.8473205515852,1.1553105831180477,3.30999755859375,-2.849990844726534
2024-11-08,227.1699981689453,228.66000366210932,226.41000366210932,226.9600067138672,38328800.0,-0.22858669924306074,229.88850021362305,226.81960052490234,202.91904998779296,227.76281447180253,1.1471643815226513,2.25,0.209991455078125
2024-11-11,225.0,225.6999969482422,221.5,224.22999572753903,42005600.0,-1.20285993371948,229.5349998474121,226.7242004394531,203.07809997558593,227.42635554377742,1.1071548760794263,4.1999969482421875,0.7700042724609659
2024-11-12,224.5500030517578,225.58999633789065,223.3600006103516,224.22999572753903,40398300.0,0.0,229.0539993286133,226.75340026855469,203.24059997558595,227.12194032318328,1.0683170994541151,2.2299957275390625,0.3200073242187784
2024-11-13,224.009994506836,226.6499938964844,222.759994506836,225.1199951171875,48566200.0,0.3969136184303723,228.72099914550782,226.83880004882812,203.42599998474122,226.9312788749932,1.0637722035881454,3.889999389648409,-1.1100006103515057
2024-11-14,225.0200042724609,228.8699951171875,225.0,228.22000122070312,44923900.0,1.3770460957508002,228.52449951171874,226.95559997558593,203.6451000213623,227.0540143364894,1.1154146579889896,3.8699951171875,-3.199996948242216
2024-11-15,226.3999938964844,226.9199981689453,224.2700042724609,225.0,47923700.0,-1.4109198157391867,228.02449951171874,227.03919982910156,203.83580001831055,226.85839392349038,1.1087030570358614,2.6499938964844034,1.3999938964844034
2024-11-18,225.25,229.7400054931641,225.1699981689453,228.0200042724609,44633700.0,1.342224121093727,227.60149993896485,227.1813998413086,204.0466500091553,226.96902348053518,1.147902411051259,4.570007324218778,-2.770004272460909
2024-11-19,226.97999572753903,230.16000366210932,226.66000366210932,228.27999877929688,36211800.0,0.11402267431119828,227.2224998474121,227.3447998046875,204.24965003967284,227.09387827089347,1.1494922864096684,3.5,-1.300003051757841
2024-11-20,228.0599975585937,229.92999267578125,225.88999938964844,229.0,35169600.0,0.31540267415159917,227.1345001220703,227.4715997314453,204.44815002441408,227.2754136736655,1.0513110097519938,4.0399932861328125,-0.9400024414063068
2024-11-21,228.8800048828125,230.16000366210932,225.7100067138672,228.5200042724609,42108300.0,-0.2096051211961103,227.03199996948243,227.58659973144532,204.64370002746583,227.393946111646,1.052010151802012,4.449996948242131,0.3600006103515909
2024-11-22,228.0599975585937,230.72000122070312,228.0599975585937,229.8699951171875,38168300.0,0.5907539031537068,226.95499954223632,227.73399963378907,204.85144996643066,227.62976030264997,1.0577862209984412,2.660003662109432,-1.8099975585938068
2024-11-25,231.4600067138672,233.25,229.7400054931641,232.8699951171875,90152800.0,1.305085510821291,226.9284996032715,228.06499938964845,205.07154991149903,228.1288302849869,1.0818636375698663,3.509994506835909,-1.4099884033203125
2024-11-26,233.3300018310547,235.57000732421875,233.3300018310547,235.0599975585937,45986200.0,0.9404399395912311,226.9979995727539,228.43039947509766,205.31109992980956,228.78894145390183,1.1022647393010532,2.2400054931640625,-1.7299957275390057
2024-11-27,234.47000122070312,235.69000244140625,233.8099975585937,234.92999267578125,33498400.0,-0.0553071063399635,227.2394989013672,228.71519927978517,205.5605499267578,229.37380347503318,1.0397601664873288,1.8800048828125568,-0.459991455078125
2024-11-29,234.8099975585937,237.8099975585937,233.97000122070312,237.3300018310547,28481400.0,1.021584825308186,227.81049880981445,228.8843994140625,205.82644996643066,230.13153665179712,0.9526894243893869,3.839996337890568,-2.5200042724609943
2024-12-02,237.2700042724609,240.7899932861328,237.16000366210932,239.58999633789065,48137100.0,0.9522582435425697,228.6444984436035,229.11219940185546,206.10509994506836,231.03234233618696,0.8880069843051384,3.6299896240234943,-2.3199920654297443
2024-12-03,239.8099975585937,242.759994506836,238.8999938964844,242.6499938964844,38861000.0,1.277180852859261,229.67649841308594,229.43579925537108,206.4067999267578,232.13878534192958,0.8909409609018885,3.860000610351591,-2.8399963378907103
2024-12-04,242.8699951171875,244.1100006103516,241.25,243.009994506836,44383900.0,0.14836209330595374,230.6544982910156,229.74859924316405,206.71404991149902,233.1741385957302,0.8920703499347346,2.860000610351591,-0.13999938964849434
2024-12-05,243.9900054931641,244.5399932861328,242.1300048828125,243.0399932861328,40033900.0,0.01234466893333952,231.6704978942871,230.08199920654297,207.01764984130858,234.11374380433998,0.8801919741764398,2.4099884033203125,0.9500122070312784
2024-12-06,242.91000366210932,244.6300048828125,242.0800018310547,242.83999633789065,36870600.0,-0.08228972752097885,232.4384979248047,230.38839904785155,207.30999984741212,234.94481547420196,0.7904430010827961,2.5500030517578125,0.07000732421866473
2024-12-09,241.8300018310547,247.2400054931641,241.75,246.75,44649200.0,1.6101151873964437,233.42799758911133,230.76759918212892,207.6311498260498,236.0691187623732,0.8280634465175838,5.490005493164091,-4.9199981689453125
2024-12-10,246.88999938964844,248.2100067138672,245.33999633789065,247.7700042724609,36914800.0,0.41337559167615723,234.60499801635743,231.06299926757814,207.96419982910157,237.18348881095298,0.7347373740763038,2.870010375976534,-0.8800048828124716
2024-12-11,247.9600067138672,250.8000030517578,246.259994506836,246.4900054931641,45205800.0,-0.5166076430661359,235.71799850463867,231.46859924316405,208.28349983215332,238.06982373306835,0.7619274545017104,4.540008544921818,1.4700012207030966
2024-12-12,246.88999938964844,248.7400054931641,245.67999267578125,247.9600067138672,32777500.0,0.5963735599591624,236.85999908447266,231.89219940185546,208.61619987487794,239.01174592171586,0.7621277346410424,3.060012817382841,-1.07000732421875
2024-12-13,247.82000732421875,249.2899932861328,246.2400054931641,248.1300048828125,33155300.0,0.06855870476785153,237.85549926757812,232.34139953613283,208.953099899292,239.8801515370584,0.7374736365463109,3.0499877929687216,-0.30999755859375
2024-12-16,247.9900054931641,251.3800048828125,247.6499938964844,251.0399932861328,51694800.0,1.1727676403724852,239.15749893188476,232.82619934082032,209.30999984741212,240.9429936083988,0.6158213268057365,3.7300109863280966,-3.0499877929687216
2024-12-17,250.0800018310547,253.8300018310547,249.77999877929688,253.47999572753903,51356400.0,0.9719576588042456,240.43049850463868,233.46199920654297,209.70189979553223,242.1369938102217,0.5960257644363076,4.0500030517578125,-3.3999938964843466
2024-12-18,252.16000366210932,254.27999877929688,247.7400054931641,248.0500030517578,56774100.0,-2.1421779893107673,241.41899871826172,233.9075991821289,210.0915498352051,242.70013754751085,0.8420906535588223,6.539993286132784,4.110000610351506
2024-12-19,247.5,252.0,247.08999633789065,249.7899932861328,60882300.0,0.7014675319362729,242.45849838256837,234.3125991821289,210.49489982604982,243.37536190357008,0.8440008636798502,4.910003662109347,-2.2899932861328125
2024-12-20,248.0399932861328,255.0,245.69000244140625,254.4900054931641,147495300.0,1.8815854651340835,243.75699844360352,234.82159942626953,210.9223498535156,244.43389938829333,0.8878366672875042,9.30999755859375,-6.450012207031278
2024-12-23,254.7700042724609,255.6499938964844,253.4499969482422,255.2700042724609,40858800.0,0.30649485734628445,245.0269989013672,235.3759994506836,211.34504989624023,245.46590937726168,0.8893126156487623,2.199996948242216,-0.5
2024-12-24,255.4900054931641,258.2099914550781,255.2899932861328,258.20001220703125,23234700.0,1.1478073747525075,246.2934997558594,235.91399963378908,211.77229995727538,246.678681075335,0.8827616597690322,2.9199981689453125,-2.710006713867159
2024-12-26,258.19000244140625,260.1000061035156,257.6300048828125,259.0199890136719,27237100.0,0.3175742710589624,247.4914993286133,236.41739929199218,212.20124992370606,247.854043736129,0.8781721682188983,2.470001220703125,-0.829986572265625
2024-12-27,257.8299865722656,258.70001220703125,253.0599975585937,255.58999633789065,42355300.0,-1.3242192962953814,248.52449951171874,236.89359924316406,212.62354988098144,248.590801126773,0.9615366109085385,5.640014648437557,2.2399902343749716
2024-12-30,252.22999572753903,253.5,250.75,252.1999969482422,35557500.0,-1.3263427513676596,249.26799926757812,237.2945993041992,213.01954986572267,248.93453406215102,1.0262413232888405,2.75,0.02999877929684658
2024-12-31,252.44000244140625,253.27999877929688,249.42999267578125,250.4199981689453,39480700.0,-0.7057885808230857,249.80949935913085,237.60299926757813,213.40854988098144,249.07600683422666,1.0384681174847297,3.850006103515625,2.0200042724609375
2025-01-02,248.92999267578125,249.1000061035156,241.82000732421875,243.8500061035156,55740700.0,-2.623589215505573,249.86949996948243,237.75039947509765,213.75919990539552,248.57829247892084,1.1864944561689734,7.279998779296847,5.079986572265653
2025-01-03,243.3600006103516,244.17999267578125,241.88999938964844,243.3600006103516,40244100.0,-0.20094545044054835,249.8870002746582,237.90039947509766,214.09559989929198,248.08131230096188,1.1872526496952795,2.2899932861328125,0.0
2025-01-06,244.3099975585937,247.3300018310547,243.1999969482422,245.0,45045600.0,0.6738984983297502,249.98500061035156,238.18519958496094,214.42724990844727,247.78785398658457,1.196386898361809,4.1300048828125,-0.6900024414063068
2025-01-07,242.97999572753903,245.5500030517578,241.3500061035156,242.2100067138672,40856000.0,-1.138772769850127,249.9535011291504,238.4179995727539,214.78144996643067,247.25663043680197,1.2253683799561246,4.199996948242216,0.7699890136718466
2025-01-08,241.9199981689453,243.7100067138672,240.0500030517578,242.6999969482422,37628900.0,0.20229974847978394,249.7510009765625,238.64379943847655,215.1335499572754,246.82266534265344,1.1666864068650482,3.660003662109375,-0.779998779296875
2025-01-10,240.009994506836,240.16000366210932,233.0,236.8500061035156,61710900.0,-2.410379447171629,249.20500106811522,238.71279968261717,215.4635499572754,245.87288827225936,1.2705559541286249,7.160003662109318,3.1599884033203978
2025-01-13,233.52999877929688,234.6699981689453,229.72000122070312,234.3999938964844,49630700.0,-1.0344150913639494,248.60050048828126,238.72739959716796,215.78699989318847,244.78023166504272,1.2821962342222102,4.9499969482421875,-0.8699951171875284
2025-01-14,234.75,236.1199951171875,232.47000122070312,233.27999877929688,39435300.0,-0.4778136289893209,247.86650009155272,238.7909994506836,216.086849899292,243.68497139020977,1.2675875168946877,3.649993896484375,1.470001220703125
2025-01-15,234.63999938964844,238.9600067138672,234.42999267578125,237.8699951171875,39832000.0,1.9675910330543056,247.35349960327147,239.03019927978517,216.41879989624024,243.13116412611242,1.36388017501357,4.5300140380859375,-3.2299957275390625
2025-01-16,237.3500061035156,238.009994506836,228.02999877929688,228.259994506836,71759100.0,-4.040022200201044,246.21449966430663,239.1371990966797,216.70994987487794,241.7148622576099,1.5698551994791066,9.97999572753912,9.090011596679602
2025-01-17,232.1199951171875,232.2899932861328,228.47999572753903,229.97999572753903,68488300.0,0.7535272330217779,245.03949966430665,239.29659912109375,217.01564987182618,240.59725592141268,1.5600783832965737,3.8099975585937784,2.139999389648466
2025-01-21,224.0,224.4199981689453,219.3800048828125,222.63999938964844,98070400.0,-3.1915803436166734,243.76899948120118,239.28039916992188,217.28059989929199,238.8870410136256,1.6349992101346862,5.0399932861328125,1.3600006103515625
2025-01-22,219.7899932861328,224.1199951171875,219.7899932861328,223.8300018310547,64126500.0,0.534496247156202,242.47099990844725,239.30259918212892,217.55564987182618,237.4530372819522,1.628815853505455,4.3300018310546875,-4.040008544921875
2025-01-23,224.7400054931641,227.02999877929688,222.3000030517578,223.66000366210932,60234800.0,-0.0759496794686565,240.92949981689452,239.2261993408203,217.82604988098146,236.13941503244334,1.5319278885336598,4.7299957275390625,1.0800018310547728
2025-01-24,224.77999877929688,225.6300048828125,221.41000366210932,222.77999877929688,54697900.0,-0.3934565270516166,239.30499954223632,239.14259918212892,218.0976998901367,234.8670896750008,1.5172770422915764,4.220001220703182,2.0
2025-01-27,224.0200042724609,232.1499938964844,223.97999572753903,229.8600006103516,94863400.0,3.1780240011890504,237.88799896240235,239.25519927978516,218.39864990234375,234.3902240497961,1.7017992353558267,8.16999816894537,-5.839996337890682
2025-01-28,230.8500061035156,240.19000244140625,230.8099975585937,238.259994506836,75707600.0,3.6543956643956044,236.84999923706056,239.5357992553711,218.75104988098144,234.75877361713324,1.9398755956674345,9.380004882812557,-7.409988403320398
2025-01-29,234.1199951171875,239.8600006103516,234.009994506836,239.3600006103516,45486100.0,0.461683089430287,236.0384994506836,239.8205993652344,219.07264991760255,235.1969857117255,1.9361428079699674,5.850006103515597,-5.240005493164091
2025-01-30,238.6699981689453,240.7899932861328,237.2100067138672,237.58999633789065,55658300.0,-0.7394737082000113,235.30799942016603,240.00799926757813,219.3778498840332,235.424891485646,1.9243345017265543,3.579986572265625,1.080001831054659
2025-01-31,247.19000244140625,247.19000244140625,233.44000244140625,236.0,100959800.0,-0.6692185539787787,234.58699951171874,240.22799926757813,219.69439987182616,235.47966372510828,1.9239262685368705,13.75,11.19000244140625
2025-02-03,229.9900054931641,231.8300018310547,225.6999969482422,228.009994506836,73063300.0,-3.385595547950848,233.79499893188478,240.2277990722656,219.98754981994628,234.7682666567014,1.9795526190178583,6.1300048828125,1.9800109863280966
2025-02-04,227.25,233.1300048828125,226.6499938964844,232.8000030517578,45067300.0,2.100788851507218,233.2669990539551,240.31819915771484,220.31154983520508,234.5808129800401,2.0522050959544953,6.480010986328097,-5.5500030517578125
2025-02-05,228.52999877929688,232.6699981689453,228.2700042724609,232.47000122070312,39620300.0,-0.14175336199687694,232.64049911499023,240.3875991821289,220.63869987487794,234.37978328867467,2.041972141221049,4.399993896484403,-3.94000244140625
2025-02-06,231.2899932861328,233.8000030517578,230.42999267578125,233.22000122070312,29925300.0,0.322622272147699,232.19099884033204,240.48159912109375,220.97979988098143,234.26932785362976,2.0343366881517024,3.3700103759765625,-1.9300079345703125
2025-02-07,232.6000061035156,234.0,227.259994506836,227.6300048828125,39707200.0,-2.3968769010513147,231.43749923706054,240.43679931640625,221.28874992370606,233.63701138021858,2.091570500794223,6.740005493164006,4.970001220703097
2025-02-10,229.57000732421875,230.58999633789065,227.1999969482422,227.6499938964844,33115600.0,0.00878136152666631,230.97749862670898,240.33239929199217,221.59249992370604,233.06681923891057,2.0321584246263793,3.389999389648466,1.9200134277343466
2025-02-11,228.1999969482422,235.22999572753903,228.1300048828125,232.6199951171875,53718400.0,2.1831765227118938,230.88849868774415,240.28359924316408,221.91049987792968,233.02426456065123,2.0874199447332398,7.099990844726534,-4.4199981689453125
2025-02-12,231.1999969482422,236.9600067138672,230.67999267578125,236.8699951171875,45243300.0,1.8270140526221557,231.06799850463867,240.32239929199218,222.2453998565674,233.3905246136547,2.123962028283713,6.2800140380859375,-5.6699981689453125
2025-02-13,236.91000366210932,242.33999633789065,235.57000732421875,241.52999877929688,53614100.0,1.9673254351206149,231.25099868774413,240.40639923095702,222.60654983520507,234.16571262943015,2.1239497237793303,6.769989013671903,-4.619995117187557
2025-02-14,241.25,245.5500030517578,240.9900054931641,244.6000061035156,40896200.0,1.2710666748373622,232.06799926757813,240.50659942626953,222.96204986572266,235.1594548650573,1.899524479622984,4.559997558593722,-3.3500061035155966
2025-02-18,244.1499938964844,245.17999267578125,241.83999633789065,244.47000122070312,48822500.0,-0.05314999164695022,232.79249954223633,240.5429995727539,223.3327498626709,236.046173565595,1.8993701222354074,3.3399963378905966,-0.3200073242187216
2025-02-19,244.66000366210932,246.009994506836,243.16000366210932,244.8699951171875,32204200.0,0.1636167605379324,233.90399932861328,240.58019958496095,223.71059982299803,236.88653752288954,1.7114784736740989,2.849990844726676,-0.20999145507818184
2025-02-20,244.94000244140625,246.77999877929688,244.2899932861328,245.8300018310547,32316900.0,0.3920475080696484,235.00399932861328,240.6359997558594,224.07459983825683,237.7382960284291,1.7115837920396977,2.4900054931640625,-0.8899993896484375
2025-02-21,245.9499969482422,248.69000244140625,245.22000122070312,245.5500030517578,53197400.0,-0.11389935207717361,236.0984992980957,240.6901998901367,224.38544982910156,238.48226812588896,1.712257846605959,3.470001220703125,0.399993896484375
2025-02-24,244.92999267578125,248.8600006103516,244.4199981689453,247.1000061035156,51326400.0,0.6312372357947238,237.31449966430665,240.69720001220702,224.71239982604982,239.30300507613913,1.6999745320000952,4.440002441406278,-2.1700134277343466
2025-02-25,248.0,250.0,244.91000366210932,247.0399932861328,48013300.0,-0.024286853865007618,238.1734992980957,240.68259979248046,225.03559982299805,240.03986109613854,1.5846402874639216,5.089996337890682,0.9600067138671875
2025-02-26,244.3300018310547,244.97999572753903,239.1300048828125,240.3600006103516,44433600.0,-2.704012652738441,238.27849960327148,240.55999969482423,225.323699798584,240.07035057368262,1.5284886985567026,5.849990844726534,3.9700012207030966
2025-02-27,239.41000366210932,242.4600067138672,237.0599975585937,237.3000030517578,41153600.0,-1.2730893454915404,238.1754997253418,240.34679962158202,225.58734977722168,239.80650795254692,1.5532211744432198,5.400009155273494,2.1100006103515057
2025-02-28,236.9499969482422,242.08999633789065,230.1999969482422,241.83999633789065,56833400.0,1.9131872009047646,238.38799972534179,240.2209994506836,225.88129974365233,240.00017351305584,1.6020899415009373,11.889999389648466,-4.889999389648466
2025-03-03,241.7899932861328,244.02999877929688,236.1100006103516,238.02999877929688,47184000.0,-1.5754207808002851,238.48949966430663,239.9607995605469,226.14004974365236,239.81253782412642,1.6374426307131482,7.919998168945284,3.7599945068359375
2025-03-04,237.7100067138672,240.07000732421875,234.67999267578125,235.92999267578125,53798100.0,-0.882244302938795,238.8854995727539,239.60979949951172,226.38254974365233,239.44277161952212,1.4449064937884728,5.3900146484375,1.7800140380859375
2025-03-05,235.4199981689453,236.5500030517578,229.22999572753903,235.7400054931641,47227600.0,-0.08052693108766551,239.03249969482422,239.36359954833983,226.61264976501465,239.09012722653563,1.3728839567946907,7.320007324218778,-0.3200073242187784
2025-03-06,234.44000244140625,237.8600006103516,233.16000366210932,235.3300018310547,45170400.0,-0.17392197020258404,239.1754997253418,239.07439971923827,226.84009979248046,238.73202004601364,1.37316605948457,4.699996948242273,-0.8899993896484375
2025-03-07,235.1100006103516,241.3699951171875,234.759994506836,239.07000732421875,46273600.0,1.5892599600832114,239.46800003051757,238.76599975585938,227.08609985351563,238.7642093106046,1.4140255083822184,6.610000610351506,-3.960006713867159
2025-03-10,235.5399932861328,236.16000366210932,224.22000122070312,227.47999572753903,72071200.0,-4.8479571847595775,239.46049957275392,238.21019958496095,227.26829986572267,237.6895223026936,1.7183443337173712,11.940002441406193,8.059997558593778
2025-03-11,223.8099975585937,225.83999633789065,217.4499969482422,220.83999633789065,76137400.0,-2.9189377151217055,239.11999969482423,237.4629992675781,227.41074981689454,236.08480554414095,1.8390052355046633,8.389999389648466,2.9700012207030397
2025-03-12,220.13999938964844,221.75,214.91000366210932,216.97999572753903,62547500.0,-1.7478720677235104,238.3379997253418,236.62219940185548,227.5411498260498,234.26529984732173,1.7874987074520257,6.839996337890682,3.1600036621094034
2025-03-13,215.9499969482422,216.83999633789065,208.4199981689453,209.67999267578125,61368300.0,-3.364366852013567,236.97849960327147,235.7039993286133,227.65514976501464,231.92384202146073,1.8338049780711576,8.419998168945341,6.2700042724609375
2025-03-14,211.25,213.9499969482422,209.5800018310547,213.4900054931641,60107600.0,1.8170607356297053,235.57649993896484,234.92979949951172,227.77269981384276,230.16823854257535,1.8230453448803314,4.3699951171875,-2.240005493164091
2025-03-17,213.3099975585937,215.22000122070312,209.97000122070312,214.0,48073400.0,0.2388844881322738,234.04649963378907,234.2013995361328,227.89274978637695,228.62840630042533,1.7814511411769627,5.25,-0.6900024414063068
2025-03-18,214.16000366210932,215.1499938964844,211.4900054931641,212.69000244140625,42432400.0,-0.6121483918662407,232.4574996948242,233.57819946289064,228.00474983215332,227.11046307575685,1.7759588890169515,3.6599884033203125,1.4700012207030682
2025-03-19,214.22000122070312,218.759994506836,213.75,215.2400054931641,54385400.0,1.1989294383784488,230.97600021362305,233.01579956054687,228.12449989318847,225.97994330598613,1.8164295167734674,5.009994506835994,-1.020004272460966
2025-03-20,213.9900054931641,217.4900054931641,212.22000122070312,214.1000061035156,48862900.0,-0.5296410335227875,229.3895004272461,232.39779968261718,228.23374992370606,224.84852071527465,1.8008423499609312,5.270004272460966,-0.11000061035150566
2025-03-21,211.5599975585937,218.83999633789065,211.27999877929688,218.2700042724609,94127800.0,1.9476870855058115,228.02550048828124,231.91899963378907,228.35494995117188,224.2219953397686,1.891260821289347,7.559997558593778,-6.710006713867216
2025-03-24,221.0,221.47999572753903,218.5800018310547,220.72999572753903,44299500.0,1.1270405492856295,226.7069999694824,231.479599609375,228.486849899292,223.8894239481277,1.9109804156701424,2.8999938964843466,0.2700042724609659
2025-03-25,220.7700042724609,224.1000061035156,220.0800018310547,223.75,34493600.0,1.3681893403326706,225.5425003051758,231.21759948730468,228.62624992370604,223.87614547687744,1.955795834053506,4.020004272460909,-2.979995727539091
2025-03-26,223.509994506836,225.0200042724609,220.47000122070312,221.52999877929688,34466100.0,-0.9921793165153625,224.60100021362305,230.96019958496095,228.76149993896485,223.6527029342507,1.889468913198781,4.550003051757784,1.9799957275391193
2025-03-27,221.38999938964844,224.9900054931641,220.5599975585937,223.8500061035156,37094800.0,1.047265533788977,223.92850036621093,230.77159973144532,228.89629997253417,223.67149371227592,1.9035700156661148,4.430007934570398,-2.460006713867159
2025-03-28,221.6699981689453,223.8099975585937,217.67999267578125,217.8999938964844,39818600.0,-2.6580353115021604,222.73150024414062,230.37219970703126,229.02019996643065,223.12182706315292,1.901579341325504,6.130004882812443,3.770004272460909
2025-03-31,217.009994506836,225.6199951171875,216.22999572753903,222.1300048828125,65299300.0,1.9412625538381745,221.9365005493164,230.24959991455077,229.0951000213623,223.0273678078824,1.9588686926630785,9.389999389648466,-5.120010375976506
2025-04-01,219.8099975585937,223.67999267578125,218.8999938964844,223.19000244140625,36412700.0,0.47719692760685994,221.29950103759765,230.11380004882812,229.14569999694825,223.04285682059896,1.9621570247882951,4.779998779296847,-3.380004882812557
2025-04-02,221.32000732421875,225.19000244140625,221.0200042724609,223.88999938964844,35905900.0,0.3136327526256366,220.70700073242188,230.13880004882813,229.19394996643067,223.1235370652703,1.966015845018291,4.169998168945341,-2.5699920654296875
2025-04-03,205.5399932861328,207.4900054931641,201.25,203.19000244140625,103419000.0,-9.245610346452683,219.10000076293946,229.72600006103517,229.14744995117186,221.2251051963309,2.813879044661893,6.240005493164091,2.3499908447265625
2025-04-04,193.88999938964844,199.8800048828125,187.33999633789065,188.3800048828125,125910900.0,-7.288743235713335,216.56550064086915,229.0204000854492,229.0059999847412,218.09700040456724,3.118730668910503,12.540008544921847,5.5099945068359375
2025-04-07,177.1999969482422,194.1499938964844,174.6199951171875,181.4600067138672,160466300.0,-3.6734249865053914,214.26450119018554,228.19400024414062,228.84185005187987,214.60776291021483,3.0555819640877893,19.529998779296903,-4.260009765625
2025-04-08,186.6999969482422,190.33999633789065,169.2100067138672,172.4199981689453,120859500.0,-4.981818698583263,211.84350128173827,227.0452001953125,228.65555007934572,210.58988055390347,3.1542310219989123,21.129989624023466,14.279998779296875
2025-04-09,171.9499969482422,200.6100006103516,171.88999938964844,198.8500061035156,184395900.0,15.328852926139636,210.9370018005371,226.25700042724608,228.61235008239746,209.47179727291413,4.848775295012038,28.720001220703153,-26.90000915527341
2025-04-10,189.07000732421875,194.77999877929688,183.0,190.4199981689453,121880000.0,-4.239380274487825,209.9740020751953,225.27820037841798,228.52375007629394,207.65734021539328,4.881461482792778,11.779998779296875,-1.3499908447265625
2025-04-11,186.1000061035156,199.5399932861328,186.0599975585937,198.1499938964844,87435900.0,4.059445332354672,209.20700149536134,224.48940032958984,228.46915000915527,206.7518786612115,4.959485084349746,13.47999572753912,-12.049987792968807
2025-04-14,211.44000244140625,212.94000244140625,201.16000366210932,202.5200042724609,101352900.0,2.205405253890369,208.63300170898438,223.81980041503905,228.4155000305176,206.34884300514003,4.989272394783135,11.779998779296932,8.919998168945341
2025-04-15,201.8600006103516,203.509994506836,199.8000030517578,202.13999938964844,51343900.0,-0.18763819612666044,208.1055015563965,223.3024005126953,228.35569999694823,205.9480007560456,4.988151828700351,3.709991455078182,-0.2799987792968466
2025-04-16,198.3600006103516,200.6999969482422,192.3699951171875,194.2700042724609,59732400.0,-3.8933388448355477,207.05700149536133,222.53180053710938,228.2739500427246,204.8358106147518,5.045890269071203,8.330001831054688,4.089996337890682
2025-04-17,197.1999969482422,198.8300018310547,194.4199981689453,196.97999572753903,52164700.0,1.3949613401343264,206.2010009765625,221.82200042724608,228.1751000213623,204.0876377683506,5.061489046128216,4.410003662109375,0.22000122070315342
2025-04-21,193.2700042724609,193.8000030517578,189.8099975585937,193.16000366210932,46742500.0,-1.9392791899099704,204.94550094604492,221.0208004760742,228.03955001831054,203.04691071061333,5.045342844130703,3.9900054931641193,0.11000061035159092
2025-04-22,196.1199951171875,201.58999633789065,195.97000122070312,199.7400054931641,52976400.0,3.4065032648089133,203.89600143432617,220.46300048828124,227.93050003051758,202.73196735657055,5.109179430670644,5.619995117187528,-3.620010375976591
2025-04-23,206.0,208.0,202.8000030517578,204.6000061035156,52929200.0,2.4331633507028494,202.93850173950196,220.00200073242186,227.8218000793457,202.90987580866056,5.133824779279384,5.1999969482421875,1.3999938964844034
2025-04-24,204.88999938964844,208.8300018310547,202.94000244140625,208.3699951171875,47311000.0,1.842614321215863,202.28050155639647,219.51700073242188,227.72455001831054,203.4298871713774,5.153518293219995,5.8899993896484375,-3.4799957275390625
2025-04-25,206.3699951171875,209.75,206.1999969482422,209.27999877929688,38222300.0,0.43672490446504675,201.55200119018554,218.96520080566407,227.6275500488281,203.9870406578459,5.147653109197569,3.5500030517578125,-2.910003662109375
2025-04-28,210.0,211.5,207.4600067138672,210.13999938964844,38743100.0,0.41093301575299,201.16400146484375,218.3374008178711,227.51335006713867,204.5730367275414,5.116592143726191,4.0399932861328125,-0.1399993896484375
2025-04-29,208.69000244140625,212.2400054931641,208.3699951171875,211.2100067138672,36827600.0,0.5091878401668248,200.61800155639648,217.66960083007814,227.4315500640869,205.20512910719145,5.097096070168899,3.870010375976591,-2.5200042724609375
2025-04-30,209.3000030517578,213.5800018310547,206.6699981689453,212.5,52286500.0,0.6107633374967891,200.08350143432617,217.03020080566407,227.34135009765626,205.89987871603037,5.098023031254517,6.910003662109375,-3.1999969482421875
2025-05-01,209.0800018310547,214.5599975585937,208.8999938964844,213.32000732421875,57365700.0,0.38588579963234615,199.55500183105468,216.39920104980467,227.23595016479493,206.60655763109594,5.0983757008724595,5.66000366210929,-4.2400054931640625
2025-05-02,206.08999633789065,206.9900054931641,202.16000366210932,205.3500061035156,101010600.0,-3.736171454649251,199.66300201416016,215.5896011352539,227.0886001586914,206.48688605704066,4.713760128913978,4.830001831054773,0.7399902343750568
2025-05-05,203.1000061035156,204.1000061035156,198.2100067138672,198.88999938964844,69018500.0,-3.1458517272265007,200.18850173950196,214.65640106201172,226.9386501312256,205.76337304109853,4.4532994796006085,5.889999389648409,4.210006713867159
2025-05-06,198.2100067138672,200.6499938964844,197.0200042724609,198.509994506836,51216500.0,-0.19106284075549596,201.0410011291504,213.68460083007812,226.81030014038086,205.0725750854545,4.354216771566683,3.6299896240234943,-0.29998779296880684
2025-05-07,199.1699981689453,199.44000244140625,193.25,196.25,68536700.0,-1.1384789528862571,202.2325012207031,212.66880096435546,226.6700001525879,204.23232983922077,4.179194997502524,6.19000244140625,2.9199981689453125
2025-05-08,197.72000122070312,200.0500030517578,194.67999267578125,197.4900054931641,50478900.0,0.6318499328224592,202.16450119018555,211.81140106201173,226.53765014648437,203.59020371102488,2.3826351310890415,5.3700103759765625,0.22999572753903408
2025-05-09,199.0,200.5399932861328,197.5399932861328,198.52999877929688,36453900.0,0.5266055279788739,202.57000122070312,211.0360009765625,226.40525016784667,203.1082794318127,2.165516931649977,3.0,0.470001220703125
2025-05-12,210.97000122070312,211.2700042724609,206.75,210.7899932861328,63775800.0,6.175386381009962,203.20200119018554,210.41500091552734,226.36650016784668,203.83987122746223,2.4012520126466184,4.520004272460909,0.1800079345703125
2025-05-13,210.42999267578125,213.3999938964844,209.0,212.92999267578125,51909300.0,1.0152281691776288,203.72250061035157,209.91300079345703,226.34370010375977,204.7055970796831,2.3670125951975276,4.399993896484403,-2.5
2025-05-14,212.42999267578125,213.94000244140625,210.5800018310547,212.3300018310547,49325800.0,-0.28177845553216674,204.23200073242188,209.4410009765625,226.3155500793457,205.43173086552798,2.3680793979011012,3.3600006103515625,0.0999908447265625
2025-05-15,210.9499969482422,212.9600067138672,209.5399932861328,211.4499969482422,45029500.0,-0.41445150248371476,205.09100036621095,208.95520080566405,226.2816000366211,206.0048990638817,2.1650260604555385,3.420013427734375,-0.5
2025-05-16,212.3600006103516,212.57000732421875,209.7700042724609,211.259994506836,54737900.0,-0.08985691376136584,205.80500030517578,208.4738006591797,226.2438999938965,206.50538434416305,2.1562356376877476,2.800003051757841,1.1000061035155966
2025-05-19,207.91000366210932,209.47999572753903,204.259994506836,208.77999877929688,46140500.0,-1.1739069355409248,206.58600006103515,207.86800048828124,226.1773999786377,206.72201429036627,2.119528393761559,5.22000122070304,-0.8699951171875568
2025-05-20,207.6699981689453,208.47000122070312,205.02999877929688,206.8600006103516,42496600.0,-0.9196274452395903,206.94199981689454,207.4556005859375,226.1198999786377,206.7351558446506,2.0159164921775794,3.44000244140625,0.8099975585937216
2025-05-21,205.1699981689453,207.0399932861328,200.7100067138672,202.08999633789065,59211800.0,-2.305909435553888,206.81649932861328,207.0806005859375,226.0310499572754,206.29275970114966,2.0174320877354996,6.329986572265625,3.080001831054659
2025-05-22,200.7100067138672,202.75,199.6999969482422,201.3600006103516,46742400.0,-0.3612230891026025,206.46599960327148,206.76820068359376,225.99149993896484,205.82297312107366,1.9686393033863838,3.0500030517578125,-0.6499938964844034
2025-05-23,193.6699981689453,197.6999969482422,193.4600067138672,195.2700042724609,78432900.0,-3.024432021966139,205.7654998779297,206.48000091552734,225.93169998168946,204.81792846882482,2.063914384207296,4.239990234375,-1.6000061035155966
2025-05-27,198.3000030517578,200.7400054931641,197.42999267578125,200.2100067138672,56288500.0,2.5298316860348224,205.2690002441406,206.2144009399414,225.8836499786377,204.3790787778765,2.1560523418547706,3.310012817382841,-1.910003662109375
2025-05-28,200.58999633789065,202.72999572753903,199.8999938964844,200.4199981689453,45339700.0,0.10488559414427723,204.72949981689453,205.94280090332032,225.81919998168945,204.0020234817878,2.150745469470233,2.8300018310546307,0.16999816894534092
2025-05-29,203.5800018310547,203.8099975585937,198.509994506836,199.9499969482422,51396800.0,-0.23450814539321962,204.10199966430665,205.68800079345704,225.73774993896484,203.61611619287868,2.1414300128582977,5.300003051757699,3.6300048828125
2025-05-30,199.3699951171875,201.9600067138672,196.77999877929688,200.8500061035156,70819900.0,0.45011711378339925,203.47849960327147,205.40020080566407,225.65434997558594,203.35267713674887,2.1425328587798043,5.1800079345703125,-1.4800109863280966
2025-06-02,200.27999877929688,202.1300048828125,200.1199951171875,201.6999969482422,35423300.0,0.42319682295082206,203.2959991455078,205.15220062255858,225.55649993896483,203.19527902355776,1.9854194561768135,2.010009765625,-1.4199981689453125
2025-06-03,201.3500061035156,203.7700042724609,200.9600067138672,203.2700042724609,46381600.0,0.7783873812460262,203.51499938964844,204.8522006225586,225.46424995422365,203.2023957139295,1.8552095266436397,2.8099975585937216,-1.9199981689453125
2025-06-04,202.91000366210932,206.2400054931641,202.1000061035156,202.82000732421875,43604000.0,-0.22137892398476078,203.7305000305176,204.49400085449219,225.3547499847412,203.1659777720523,1.855493732282766,4.139999389648494,0.08999633789056816
2025-06-05,203.5,204.75,200.1499938964844,200.6300048828125,55126100.0,-1.0797763348392997,203.9495002746582,204.03160095214844,225.22764999389648,202.92445654450563,1.8534376872795164,4.600006103515597,2.8699951171875
2025-06-06,203.0,205.6999969482422,202.0500030517578,203.9199981689453,46607700.0,1.63983113495636,204.27099990844727,203.67940093994142,225.11779998779298,203.01927003254752,1.8813981693565782,3.649993896484375,-0.9199981689453125
2025-06-09,204.38999938964844,206.0,200.0200042724609,201.4499969482422,72862600.0,-1.2112599268742419,204.41699981689453,203.23140075683594,224.9925,202.86981545308987,1.9043850762058918,5.979995727539091,2.94000244140625
2025-06-10,200.6000061035156,204.3500061035156,200.57000732421875,202.6699981689453,54672600.0,0.6056099474732513,204.01100006103516,202.92680084228516,224.8738500213623,202.8507852355523,1.2688386782051941,3.7799987792968466,-2.069992065429716
2025-06-11,203.5,204.5,198.41000366210932,198.77999877929688,60989900.0,-1.9193760422328232,203.30350036621093,202.45980072021484,224.7451000213623,202.4630912873375,1.2917787777833163,6.089996337890682,4.720001220703125
2025-06-12,199.0800018310547,199.67999267578125,197.3600006103516,199.1999969482422,43904600.0,0.2112879422097258,202.64700012207032,201.98000061035157,224.60690002441407,202.15232039789987,1.2975457691426198,2.319992065429659,-0.1199951171875
2025-06-13,199.72999572753903,200.3699951171875,195.6999969482422,196.4499969482422,51447300.0,-1.3805221095031128,201.89700012207032,201.43120056152344,224.45325004577637,201.60924197412297,1.3194118504266983,4.6699981689453125,3.2799987792968466
2025-06-16,197.3000030517578,198.69000244140625,196.5599975585937,198.4199981689453,43020700.0,1.0028003315378786,201.25500030517577,201.3358004760742,224.3052000427246,201.30550446886792,1.353325775003956,2.130004882812557,-1.1199951171875
2025-06-17,197.1999969482422,198.38999938964844,195.2100067138672,195.63999938964844,38856200.0,-1.4010678383989505,200.59800033569337,201.48100036621094,224.15095001220703,200.76593255656132,1.3619341201205377,3.17999267578125,1.55999755859375
2025-06-18,195.94000244140625,197.57000732421875,195.07000732421875,196.5800018310547,45394700.0,0.4804755900321256,200.08400039672853,201.7834002685547,223.98490005493164,200.36727248746544,1.3652348525610014,2.5,-0.6399993896484375
2025-06-20,198.2400054931641,201.6999969482422,196.8600006103516,201.0,96813500.0,2.2484475164182616,200.02950057983398,202.3550003051758,223.84490005493163,200.42753225056396,1.3832116856300953,4.839996337890597,-2.759994506835909
2025-06-23,201.6300048828125,202.3000030517578,198.9600067138672,201.5,55814300.0,0.24875621890547706,200.03650054931637,202.40800018310546,223.73855003356934,200.52967203622455,1.3819682552153862,3.339996337890625,0.1300048828125
2025-06-24,202.58999633789065,203.44000244140625,200.1999969482422,200.3000030517578,54064000.0,-0.5955319842392948,200.28800048828126,202.6056002807617,223.63580001831053,200.50779879960868,1.1951291656524192,3.2400054931640625,2.289993286132841
2025-06-25,201.4499969482422,203.6699981689453,200.6199951171875,201.5599975585937,39525700.0,0.6290536633243526,200.3555000305176,202.6738003540039,223.53169998168946,200.60800820522633,1.0628363415031865,3.0500030517578125,-0.11000061035150566
2025-06-26,201.42999267578125,202.63999938964844,199.4600067138672,201.0,50799100.0,-0.2778316954637261,200.3845001220703,202.6434002685547,223.43259994506835,200.64534075710952,1.0650301843965586,3.17999267578125,0.42999267578125
2025-06-27,201.88999938964844,203.22000122070312,200.0,201.0800018310547,73188600.0,0.039801905997349785,200.44100036621094,202.6222003173828,223.33344993591308,200.68673704986622,1.0633473024984685,3.220001220703125,0.80999755859375
2025-06-30,202.009994506836,207.38999938964844,199.259994506836,205.1699981689453,91912800.0,2.0340144721736175,200.65699996948243,202.8402001953125,223.25874992370606,201.11371429930233,1.1513454909287646,8.130004882812443,-3.160003662109318
2025-07-01,206.6699981689453,210.19000244140625,206.13999938964844,207.82000732421875,78788900.0,1.2916163079025322,200.96300048828124,203.0570004272461,223.1845499420166,201.7524088731039,1.1796962228719245,4.0500030517578125,-1.1500091552734375
2025-07-02,208.91000366210932,213.33999633789065,208.13999938964844,212.44000244140625,67941800.0,2.223075235475225,201.4215003967285,203.44260040283203,223.13289993286133,202.77027492722794,1.261214453176529,5.199996948242216,-3.529998779296932
2025-07-03,212.1499938964844,214.6499938964844,211.8099975585937,213.5500030517578,34955800.0,0.5225007520218483,201.95800018310547,203.71880035400392,223.0881499481201,203.7969157009927,1.2582172114820411,2.8399963378907103,-1.400009155273409
2025-07-07,212.67999267578125,216.22999572753903,208.8000030517578,209.9499969482422,50229000.0,-1.6857907057220234,202.42399978637695,203.82580017089845,223.05629989624023,204.382923438826,1.2989595078044984,7.429992675781222,2.7299957275390625
2025-07-08,210.1000061035156,211.42999267578125,208.4499969482422,210.009994506836,42848900.0,0.02857707047674296,202.72849960327147,203.85860015869142,223.02239990234375,204.91883496911265,1.256537060933368,2.9799957275390625,0.09001159667960223
2025-07-09,209.52999877929688,211.3300018310547,207.22000122070312,211.13999938964844,48749400.0,0.5380719548448321,203.2129997253418,203.89580017089844,222.97464988708495,205.5113268186875,1.216700248197611,4.1100006103515625,-1.6100006103515625
2025-07-10,210.509994506836,213.47999572753903,210.02999877929688,212.41000366210932,44443600.0,0.601498662561406,203.7,203.94120025634766,222.89234992980957,206.16834366091817,1.2166359630737684,3.449996948242159,-1.9000091552733238
2025-07-11,210.57000732421875,212.1300048828125,209.8600006103516,211.16000366210932,39765800.0,-0.5884845244805148,204.31900024414062,203.9402001953125,222.80714996337892,206.6437398515078,1.1251543005951263,2.270004272460909,-0.5899963378905682
2025-07-14,209.92999267578125,210.91000366210932,207.5399932861328,208.6199951171875,38840100.0,-1.2028833590030819,204.79000015258788,203.86260009765624,222.71789993286131,206.8319546387154,1.1749224642142102,3.3700103759765057,1.30999755859375
2025-07-15,209.22000122070312,211.88999938964844,208.9199981689453,209.1100006103516,42296300.0,0.23487944810316463,205.42300033569336,203.77839996337892,222.62659996032716,207.04891139791886,1.1116343072376296,2.970001220703125,0.11000061035153408
2025-07-16,210.3000030517578,212.3999938964844,208.63999938964844,210.16000366210932,47490500.0,0.5021295245052793,206.01000061035157,203.87459991455077,222.54555000305174,207.34520589927033,1.1010020365935569,3.759994506835966,0.13999938964849434
2025-07-17,210.57000732421875,211.8000030517578,209.58999633789065,210.0200042724609,48068100.0,-0.06661562010319422,206.7290008544922,204.09720001220703,222.45805000305177,207.59994860147896,1.0311162729050303,2.210006713867159,0.5500030517578409
2025-07-18,210.8699951171875,211.7899932861328,209.6999969482422,211.17999267578125,48974600.0,0.5523228167424898,207.45900039672853,204.35059997558594,222.375,207.94090517998393,1.0316820401264426,2.089996337890625,-0.30999755859375
2025-07-21,212.1000061035156,215.77999877929688,211.6300048828125,212.47999572753903,51377400.0,0.6155900638530776,208.03300018310546,204.67519989013672,222.2723999786377,208.3731995178463,0.934751363411588,4.149993896484375,-0.3799896240234375
2025-07-22,213.13999938964844,214.9499969482422,212.22999572753903,214.3999938964844,46404100.0,0.9036136142469342,208.6779998779297,205.01339965820313,222.21334991455078,208.94717993485943,0.9449307262758797,2.7200012207031534,-1.259994506835966
2025-07-23,215.0,215.1499938964844,212.41000366210932,214.1499938964844,46989300.0,-0.11660448093142595,209.37049942016603,205.32579956054687,222.15019989013672,209.44268602644277,0.9265314952090554,2.7399902343750853,0.8500061035155966
2025-07-24,213.8999938964844,215.69000244140625,213.52999877929688,213.759994506836,46022600.0,-0.18211505989438326,209.98049926757812,205.38519958496093,222.09064987182617,209.85385826267068,0.9309068254652976,2.160003662109375,0.13999938964840908
2025-07-25,214.6999969482422,215.2400054931641,213.3999938964844,213.8800048828125,40268800.0,0.05614258002455408,210.62449951171874,205.40419982910157,222.02604988098145,210.23730079792227,0.9229886452876607,1.8400115966796875,0.8199920654296875
2025-07-28,214.02999877929688,214.8500061035156,213.0599975585937,214.0500030517578,37858000.0,0.07948296477664485,211.27299957275392,205.43859985351563,221.9878498840332,210.60041529828757,0.9224082604793264,1.7900085449219034,-0.0200042724609375
2025-07-29,214.17999267578125,214.8099975585937,210.82000732421875,211.2700042724609,51411700.0,-1.2987613826965005,211.5779998779297,205.435,221.9153498840332,210.66418567678028,0.8965847451592965,3.989990234374943,2.909988403320341
2025-07-30,211.8999938964844,212.38999938964844,207.72000122070312,209.0500030517578,45512500.0,-1.0507886476113781,211.63949966430664,205.39080017089844,221.81289993286134,210.5104539982067,0.892648747673649,4.6699981689453125,2.849990844726591
2025-07-31,208.4900054931641,209.83999633789065,207.16000366210932,207.57000732421875,80698400.0,-0.7079625476841711,211.39599990844727,205.36660034179687,221.70555000305177,210.2304114578269,0.7421296799511238,2.6799926757813353,0.9199981689453409
2025-08-01,210.8699951171875,213.5800018310547,201.5,202.3800048828125,104434500.0,-2.5003624118486445,210.8375,205.2770004272461,221.57970001220704,209.48275368877793,0.8974101575100597,12.080001831054688,8.489990234375
2025-08-04,204.509994506836,207.8800048828125,201.67999267578125,203.3500061035156,75109300.0,0.4792969647692047,210.50750045776368,205.3022006225586,221.4399500274658,208.89868249018153,0.8460409729546345,6.20001220703125,1.1599884033203978
2025-08-05,203.3999938964844,205.33999633789065,202.16000366210932,202.9199981689453,44155100.0,-0.211461972787641,210.15300064086915,205.33340057373047,221.28529998779297,208.32928398339712,0.844984468257698,3.1799926757813353,0.4799957275390909
2025-08-06,205.6300048828125,215.3800048828125,205.58999633789065,213.25,108483100.0,5.090677076812433,210.2585006713867,205.69300048828126,221.19264999389648,208.79792360402595,1.4452496338828698,9.790008544921847,-7.6199951171875
2025-08-07,218.8800048828125,220.8500061035156,216.5800018310547,220.02999877929688,90224800.0,3.179366367782821,210.6395004272461,206.08940032958984,221.13205001831054,209.86764504928985,1.602527967145875,4.270004272460909,-1.149993896484375
2025-08-08,220.8300018310547,231.0,219.25,229.3500061035156,113854000.0,4.235789381413957,211.54900054931642,206.66800048828125,221.10380004882813,211.72310800683516,1.8268208214073405,11.75,-8.520004272460909
2025-08-11,227.9199981689453,229.5599975585937,224.759994506836,227.17999267578125,61806100.0,-0.946157998685615,212.47700042724608,207.21260040283204,221.05730003356933,213.1951922610205,1.8156140256124045,4.800003051757699,0.7400054931640625
2025-08-12,228.009994506836,230.8000030517578,227.07000732421875,229.6499938964844,55626200.0,1.0872441677679756,213.50400009155274,207.7886001586914,221.02625,214.76231622630277,1.8204832380974596,3.7299957275390625,-1.639999389648409
2025-08-13,231.07000732421875,235.0,230.42999267578125,233.3300018310547,69878500.0,1.602441991019199,214.6625,208.42120025634765,221.0391000366211,216.53066723627913,1.837572528755869,4.57000732421875,-2.2599945068359375
2025-08-14,234.0599975585937,235.1199951171875,230.8500061035156,232.77999877929688,51916300.0,-0.23571895917441354,215.8004997253418,209.01140014648436,221.0501499938965,218.07822262132845,1.840896949689444,4.269989013671903,1.2799987792968182
2025-08-15,234.0,234.27999877929688,229.33999633789065,231.58999633789065,56038700.0,-0.5112133549474263,216.82099990844728,209.5867999267578,221.05104995727538,219.36505821338199,1.8555692626169433,4.940002441406222,2.4100036621093466
2025-08-18,231.6999969482422,233.1199951171875,230.1100006103516,230.88999938964844,37476200.0,-0.30225698834630554,217.74150009155272,210.19199981689454,221.0384999847412,220.4626716587407,1.8633322764925138,3.009994506835909,0.80999755859375
2025-08-19,231.27999877929688,232.8699951171875,229.3500061035156,230.5599975585937,39402600.0,-0.1429259958972251,218.54950027465821,210.7247998046875,221.02294998168946,221.424321744441,1.8641014375881537,3.5199890136719034,0.7200012207031818
2025-08-20,229.97999572753903,230.47000122070312,225.7700042724609,226.009994506836,42263900.0,-1.973457277905022,219.1425003051758,211.21599975585937,221.00249992370607,221.86105248371672,1.9350387285221593,4.699996948242216,3.9700012207030397
2025-08-21,226.2700042724609,226.5200042724609,223.77999877929688,224.8999938964844,30621200.0,-0.4911289931109786,219.6995002746582,211.66059967041016,220.99744987487793,222.15047547540888,1.9402114420410659,2.740005493164034,1.3700103759765057
2025-08-22,226.1699981689453,229.08999633789065,225.41000366210932,227.759994506836,42477800.0,1.2716766064778007,220.39349975585938,212.24019958496095,221.02169982910155,222.68471538316385,1.9520985257525338,3.6799926757813353,-1.5899963378906818
2025-08-25,226.47999572753903,229.3000030517578,226.22999572753903,227.16000366210932,30983100.0,-0.26343118159350976,221.04899978637695,212.7993997192383,221.04744987487794,223.11093331449197,1.9559417016534053,3.0700073242187784,-0.6800079345702841
2025-08-26,226.8699951171875,229.4900054931641,224.69000244140625,229.3099975585937,54575100.0,0.9464667467088184,221.95099945068358,213.45659973144532,221.0767498779297,223.70132038535883,1.9225597443875442,4.800003051757841,-2.440002441406193
2025-08-27,228.6100006103516,230.8999938964844,228.259994506836,230.4900054931641,31259500.0,0.5145907056533394,223.02299957275392,214.09799987792968,221.115599899292,224.34786182419742,1.8907984459646612,2.639999389648409,-1.8800048828125
2025-08-28,230.82000732421875,233.41000366210932,229.33999633789065,232.5599975585937,38074700.0,0.8980832210058631,224.27249908447266,214.8363998413086,221.14099990844727,225.12996998937803,1.8705202635979572,4.070007324218665,-1.7399902343749432
2025-08-29,232.509994506836,233.3800048828125,231.3699951171875,232.13999938964844,39418400.0,-0.1805977697602268,225.76049880981446,215.54759979248047,221.16689987182616,225.79759183702285,1.7361376500204728,2.010009765625,0.36999511718755684
2025-09-02,229.25,230.8500061035156,226.97000122070312,229.72000122070312,44075600.0,-1.0424735828844955,227.07899856567383,216.12199981689454,221.19434989929198,226.17115463546858,1.7792401583636956,3.8800048828124716,-0.470001220703125
2025-09-03,237.2100067138672,238.8500061035156,234.3600006103516,238.47000122070312,66427800.0,3.8089848308826335,228.85649871826172,216.86139984130858,221.2655499267578,227.34247335787188,1.9024616931999097,4.490005493164006,-1.2599945068359375
2025-09-04,238.4499969482422,239.8999938964844,236.7400054931641,239.77999877929688,47549400.0,0.5493343195739575,230.18299865722656,217.65099975585937,221.33884994506835,228.5269995884838,1.616323343818059,3.1599884033203125,-1.3300018310546875
2025-09-05,240.0,241.32000732421875,238.4900054931641,239.69000244140625,54870400.0,-0.03753287945149619,231.16599884033204,218.41359985351562,221.39619995117187,229.59014271733355,1.502189667663204,2.830001831054659,0.30999755859375
2025-09-08,239.3000030517578,240.1499938964844,236.33999633789065,237.8800048828125,48999500.0,-0.7551410322323426,231.59249877929688,219.15119995117186,221.46059997558595,230.37965339976012,1.2278275107895513,3.80999755859375,1.4199981689453125
2025-09-09,237.0,238.77999877929688,233.3600006103516,234.3500061035156,66313900.0,-1.4839409394816094,231.95099945068358,219.81660003662108,221.49224998474122,230.7577822286892,1.2594952510847792,5.419998168945284,2.6499938964844034
2025-09-10,232.19000244140625,232.4199981689453,225.9499969482422,226.7899932861328,83440800.0,-3.225949486019397,231.80799942016603,220.24899993896486,221.48479995727538,230.37989756749334,1.4480545401396514,6.470001220703125,5.4000091552734375
2025-09-11,226.8800048828125,230.4499969482422,226.6499938964844,230.02999877929688,50208600.0,1.4286368839370622,231.64299926757812,220.6931997680664,221.48994995117187,230.3465738733794,1.4380858497366231,3.800003051757784,-3.149993896484375
2025-09-12,229.22000122070312,234.509994506836,229.0200042724609,234.07000732421875,55824200.0,1.7562963814985233,231.7074996948242,221.12579986572266,221.51769996643065,230.70118658298315,1.493300003738753,5.489990234375085,-4.850006103515625
2025-09-15,237.0,238.19000244140625,235.02999877929688,236.6999969482422,42699500.0,1.1235910376080627,231.9629997253418,221.58879974365234,221.55184997558592,231.27250185586496,1.5063294393531088,3.160003662109375,0.3000030517578125
2025-09-16,237.17999267578125,241.22000122070312,236.32000732421875,238.1499938964844,63421100.0,0.6125884946924121,232.32599945068358,222.1527996826172,221.5782499694824,231.92750109782872,1.5067242631076385,4.899993896484375,-0.9700012207031534
2025-09-17,238.97000122070312,240.1000061035156,237.72999572753903,238.9900054931641,46508000.0,0.35272375318422533,232.74749984741212,222.73239990234376,221.59790000915527,232.60012056405114,1.5054567918938446,2.3700103759765625,-0.02000427246096592
2025-09-18,239.97000122070312,241.1999969482422,236.6499938964844,237.8800048828125,44249600.0,-0.46445482440199415,233.34100036621095,223.26720001220704,221.61265007019043,233.10296668964747,1.4270710864637677,4.550003051757784,2.089996337890625
2025-09-19,241.22999572753903,246.3000030517578,240.2100067138672,245.5,163741300.0,3.203293660995743,234.37100067138672,223.92899993896484,221.65350006103515,234.28363652872866,1.557101515267063,6.089996337890625,-4.270004272460966
2025-09-22,248.3000030517578,256.6400146484375,248.1199951171875,256.0799865722656,105517400.0,4.309566831880085,235.7870002746582,224.82739959716798,221.73595001220704,236.3594793900179,1.774416590650243,8.52001953125,-7.7799835205078125
2025-09-23,255.8800048828125,257.3399963378906,253.5800018310547,254.42999267578125,60275200.0,-0.6443275472520216,237.1504997253418,225.74359954833983,221.7948500061035,238.08048065532867,1.7862050733777317,3.7599945068359375,1.45001220703125
2025-09-24,255.22000122070312,255.7400054931641,251.0399932861328,252.3099975585937,42303700.0,-0.8332331793481029,238.3004997253418,226.6075994873047,221.8413500213623,239.4356727413539,1.8113242856116687,4.700012207031278,2.910003662109432
2025-09-25,253.2100067138672,257.1700134277344,251.7100067138672,256.8699951171875,55202100.0,1.8072995928489988,239.61949920654297,227.54179931640624,221.91050003051757,241.09608439619518,1.8349888423639331,5.4600067138671875,-3.6599884033203125
2025-09-26,254.1000061035156,257.6000061035156,253.77999877929688,255.4600067138672,46076300.0,-0.5489112898051984,240.76449966430664,228.45059936523438,221.97360008239747,242.46407699787824,1.8493910081630596,3.82000732421875,-1.360000610351591
2025-09-29,254.5599975585937,255.0,253.009994506836,254.42999267578125,40127700.0,-0.4031997224675621,241.87899932861328,229.31559936523436,222.01200004577638,243.60368801482136,1.854282263889069,1.9900054931640057,0.13000488281244316
2025-09-30,254.8600006103516,255.9199981689453,253.1100006103516,254.6300048828125,37704300.0,0.07861188255666729,243.12449951171874,230.15859954833985,222.04630004882813,244.65381343082052,1.8226495033561678,2.8099975585937216,0.22999572753909092
2025-10-01,255.0399932861328,258.7900085449219,254.92999267578125,255.4499969482422,48713900.0,0.3220327729275496,243.9734992980957,230.979599609375,222.09110000610352,245.6820213848607,1.651386631711931,3.860015869140625,-0.410003662109375
2025-10-02,256.5799865722656,258.17999267578125,254.1499938964844,257.1300048828125,42630200.0,0.657666061710982,244.84099960327148,231.83919982910157,222.13694999694823,246.77230552752275,1.6522268900177335,4.029998779296847,-0.550018310546875
2025-10-03,254.6699981689453,259.239990234375,253.9499969482422,258.0199890136719,49155600.0,0.34612223931820285,245.75749893188475,232.72439971923828,222.18639991760253,247.84351347858458,1.6495595442682276,5.2899932861328125,-3.3499908447265625
2025-10-06,257.989990234375,259.07000732421875,255.0500030517578,256.69000244140625,44664100.0,-0.5154587353288997,246.69799880981446,233.58059967041015,222.21464996337892,248.68603623694855,1.6417156405648032,4.0200042724609375,1.29998779296875
2025-10-07,256.8099975585937,257.3999938964844,255.42999267578125,256.4800109863281,31955800.0,-0.08180741481198517,247.80449905395508,234.42919982910155,222.22965003967286,249.42831954641326,1.5863057535191782,1.970001220703125,0.32998657226556816
2025-10-08,256.5199890136719,258.5199890136719,256.1099853515625,258.0599975585937,36496900.0,0.6160271773965942,249.3679992675781,235.3649996948242,222.27970001220703,250.2503841190019,1.3274407702984978,2.410003662109375,-1.5400085449218182
2025-10-09,257.8099975585937,258.0,253.13999938964844,254.0399932861328,38322000.0,-1.5577789314471846,250.56849899291993,236.26479949951172,222.30095001220704,250.61129927777625,1.4018542506456704,4.8600006103515625,3.7700042724608807
2025-10-10,254.94000244140625,256.3800048828125,244.0,245.2700042724609,61999100.0,-3.4522080166306757,251.12849884033204,237.01879943847655,222.2548500061035,250.10260451536527,1.6237566330340283,12.3800048828125,9.669998168945341
2025-10-13,249.3800048828125,249.69000244140625,245.5599975585937,247.66000366210932,38142900.0,0.974436069644069,251.6764991760254,237.9243994140625,222.21680000305176,249.86997586267424,1.6198536101927736,4.130004882812557,1.7200012207031818
2025-10-14,246.6000061035156,248.8500061035156,244.6999969482422,247.7700042724609,35478000.0,0.044415977035061616,252.15749969482422,238.8127993774414,222.1646499633789,249.6699785683682,1.6179370357188976,4.150009155273409,-1.1699981689453125
2025-10-15,249.4900054931641,251.82000732421875,247.47000122070312,249.33999633789065,33893600.0,0.6336489641027399,252.67499923706055,239.74119934082032,222.11625,249.63855168927512,1.620453856941526,4.350006103515625,0.1500091552734375
2025-10-16,248.25,249.0399932861328,245.1300048828125,247.4499969482422,39777000.0,-0.7580008893106949,253.15349884033202,240.42519927978515,222.07555000305175,249.43011790441483,1.6283335888173571,3.9099884033203125,0.8000030517578125
2025-10-17,248.0200042724609,253.3800048828125,247.2700042724609,252.2899932861328,49147000.0,1.9559492412937862,253.49299850463868,241.07039916992187,222.0759999847412,249.70248698838796,1.528474447168511,6.110000610351591,-4.269989013671903
2025-10-20,255.88999938964844,264.3800048828125,255.6300048828125,262.239990234375,90483000.0,3.943873008454002,253.80099868774414,241.72819885253907,222.13509994506836,250.8965349165772,1.4773988665820288,8.75,-6.3499908447265625
2025-10-21,261.8800048828125,265.2900085449219,261.8299865722656,262.7699890136719,46695900.0,0.2021044840732289,254.21799850463867,242.43999877929687,222.22969985961913,252.02734006868144,1.466153052478864,3.46002197265625,-0.889984130859375
2025-10-22,262.6499938964844,262.8500061035156,255.42999267578125,258.45001220703125,45015300.0,-1.6440145325788524,254.52499923706054,243.0159991455078,222.30514991760253,252.63902312947667,1.5060641540400392,7.420013427734375,4.199981689453125
2025-10-23,259.94000244140625,260.6199951171875,258.010009765625,259.5799865722656,32754900.0,0.4372119604812541,254.66049880981444,243.54099884033204,222.37804985046387,253.30006726688512,1.4561375479791643,2.6099853515625,0.360015869140625
2025-10-24,261.19000244140625,264.1300048828125,259.17999267578125,262.82000732421875,38253700.0,1.2481781799657865,255.02849884033202,244.14179901123046,222.48109985351562,254.20672822472642,1.4717836944467182,4.95001220703125,-1.6300048828125
2025-10-27,264.8800048828125,269.1199951171875,264.6499938964844,268.8099975585937,44888200.0,2.2791226190727487,255.74749908447265,244.88619903564452,222.6116498565674,255.59751578033283,1.5391618367650313,4.470001220703125,-3.929992675781193
2025-10-28,268.989990234375,269.8900146484375,268.1499938964844,269.0,41534800.0,0.07068280314421749,256.465998840332,245.64839904785157,222.7723998260498,256.87394284887256,1.5392192243173002,1.740020751953125,-0.010009765625
2025-10-29,269.2799987792969,271.4100036621094,267.1099853515625,269.70001220703125,51086700.0,0.26022758625696696,257.17849960327146,246.4311993408203,222.94889991760255,258.0954732639353,1.539205349798225,4.300018310546875,-0.420013427734375
2025-10-30,271.989990234375,274.1400146484375,268.4800109863281,271.3999938964844,69886500.0,0.6303231785351748,257.8919990539551,247.33899932861328,223.13949989318849,259.3625704670352,1.538867175740006,5.660003662109375,0.589996337890625
2025-10-31,276.989990234375,277.32000732421875,269.1600036621094,270.3699951171875,86167100.0,-0.37951319176879883,258.50949935913087,248.24839935302734,223.30199989318848,260.41089662419256,1.5458056705862637,8.160003662109375,6.6199951171875
2025-11-03,270.4200134277344,270.8500061035156,266.25,269.04998779296875,50194600.0,-0.48822256465500535,259.127498626709,249.07419921875,223.50594985961914,261.23366721169504,1.5451119665759658,4.600006103515625,1.370025634765625
2025-11-04,268.3299865722656,271.489990234375,267.6199951171875,270.0400085449219,49274800.0,0.3679690752169673,259.80549850463865,249.93179931640626,223.70624992370605,262.0723663862881,1.543350651327741,3.8699951171875,-1.71002197265625
2025-11-05,268.6099853515625,271.70001220703125,266.92999267578125,270.1400146484375,43683100.0,0.037033809935982376,260.40949935913085,250.7483996582031,223.94375,262.8407138398261,1.5419326361312238,4.77001953125,-1.530029296875
2025-11-06,267.8900146484375,273.3999938964844,267.8900146484375,269.7699890136719,51204000.0,-0.1369754996301431,261.1959991455078,251.53399932861328,224.17344993591308,263.50064480876375,1.4864646047689702,5.509979248046875,-1.879974365234375
2025-11-07,269.79998779296875,272.2900085449219,266.7699890136719,268.4700012207031,48227400.0,-0.4818874767062664,262.3559989929199,252.25219940185548,224.39749992370605,263.97391684799607,1.2140819581301356,5.52001953125,1.329986572265625
2025-11-10,268.9599914550781,273.7300109863281,267.4599914550781,269.42999267578125,41312400.0,0.3575786682732396,263.4444984436035,252.99799926757814,224.63074989318847,264.49354311730895,1.208141526233308,6.27001953125,-0.470001220703125
2025-11-11,269.8099975585937,275.9100036621094,269.79998779296875,275.25,46208300.0,2.1601185771556786,264.8184982299805,253.90859924316408,224.85769989013673,265.5179675823271,1.264029315781999,6.110015869140625,-5.440002441406307
2025-11-12,275.0,275.7300109863281,271.70001220703125,273.4700012207031,48398000.0,-0.6466843884820661,266.0249984741211,254.60859924316406,225.03374992370607,266.2753041193153,1.2908937720623723,4.029998779296875,1.529998779296875
2025-11-13,274.1099853515625,276.70001220703125,272.0899963378906,272.95001220703125,49602800.0,-0.19014480979659965,267.29999923706055,255.27199951171875,225.20169998168944,266.91099060385966,1.2684958730830909,4.610015869140625,1.15997314453125
2025-11-14,271.04998779296875,275.9599914550781,269.6000061035156,272.4100036621094,47431300.0,-0.19784155368063328,268.3059997558594,255.9263995361328,225.37580001831054,267.43470613321676,1.2291231653821646,6.3599853515625,-1.360015869140625
2025-11-17,268.82000732421875,270.489990234375,265.7300109863281,267.4599914550781,45018300.0,-1.8171183658773127,268.5669998168945,256.51799926757815,225.53309997558594,267.4371142591083,1.0079375995812159,4.759979248046875,1.360015869140625
2025-11-18,269.989990234375,270.7099914550781,265.32000732421875,267.44000244140625,45677300.0,-0.007473646268785217,268.8005004882813,257.17979919433594,225.73025001525878,267.43738932408905,1.0079469295353907,5.389984130859375,2.54998779296875
2025-11-19,265.5299987792969,272.2099914550781,265.5,268.5599975585937,40424500.0,0.4187836924032462,269.3059997558594,258.0151992797852,225.90904998779297,267.5443043940419,0.9227999964686675,6.709991455078125,-3.029998779296818
2025-11-20,270.8299865722656,275.42999267578125,265.9200134277344,266.25,45823600.0,-0.8601420835542384,269.6395004272461,258.7395993041992,226.07794998168944,267.42103730889505,0.9501498749917611,9.509979248046875,4.579986572265625
2025-11-21,265.95001220703125,273.3299865722656,265.6700134277344,271.489990234375,59030800.0,1.9680714495305063,270.07299957275393,259.48799896240234,226.2692999267578,267.80855663513125,1.0066477462052414,7.65997314453125,-5.53997802734375
2025-11-24,270.8999938964844,277.0,270.8999938964844,275.9200134277344,65585800.0,1.6317445772254802,270.4285003662109,260.2723992919922,226.51074996948242,268.5810763296649,0.943598007724003,6.100006103515625,-5.02001953125
2025-11-25,275.2699890136719,280.3800048828125,275.25,276.9700012207031,46914200.0,0.3805406428931457,270.8270004272461,261.0487994384766,226.7573500061035,269.3800215573828,0.9450320863559926,5.1300048828125,-1.70001220703125
2025-11-26,276.9599914550781,279.5299987792969,276.6300048828125,277.54998779296875,33431400.0,0.20940411225383038,271.219499206543,261.81999908447267,226.98199996948242,270.15811357981954,0.9447892909478091,2.899993896484375,-0.589996337890625
2025-11-28,277.260009765625,279.0,275.989990234375,278.8500061035156,20135600.0,0.4683906927485104,271.59199981689454,262.6393991088867,227.19190002441405,270.9859128677906,0.9411230942613793,3.010009765625,-1.589996337890625
2025-12-01,278.010009765625,283.4200134277344,276.1400146484375,283.1000061035156,46587700.0,1.5241168753721723,272.22850036621094,263.391399230957,227.39975006103515,272.13963603309776,0.9812572057956123,7.279998779296875,-5.089996337890625
2025-12-02,283.0,287.3999938964844,282.6300048828125,286.19000244140625,53669500.0,1.0914857899228636,273.0855010986328,263.99359954833983,227.60770004272462,273.47776616722234,0.9835655876463634,4.769989013671875,-3.19000244140625
2025-12-03,286.20001220703125,288.6199951171875,283.29998779296875,284.1499938964844,43538700.0,-0.712816145749029,273.79100036621094,264.5879995727539,227.80610000610352,274.49416880810446,1.009776694369205,5.32000732421875,2.050018310546875
2025-12-04,284.1000061035156,284.7300109863281,278.5899963378906,280.70001220703125,43989100.0,-1.214141039436356,274.3190002441406,265.15579986572266,227.98525009155273,275.0852015127642,1.0617254849119315,6.1400146484375,3.399993896484375
2025-12-05,280.5400085449219,281.1400146484375,278.04998779296875,278.7799987792969,47265800.0,-0.684009028940924,274.7695007324219,265.5939999389648,228.15000007629394,275.4370869667197,1.0777146424160575,3.09002685546875,1.760009765625
2025-12-08,278.1300048828125,279.6700134277344,276.1499938964844,277.8900146484375,38211800.0,-0.319242461710445,275.2405014038086,266.04260009765625,228.31170013427734,275.6706991268833,1.0731414608195917,3.52001953125,0.239990234375
2025-12-09,278.1600036621094,280.0299987792969,276.9200134277344,277.17999267578125,32193300.0,-0.2555046727945598,275.6280014038086,266.49760009765623,228.46210006713866,275.81444136963546,1.076493861771654,3.1099853515625,0.980010986328125
2025-12-10,277.75,279.75,276.44000244140625,278.7799987792969,33038300.0,0.577244442526248,275.80450134277345,266.98059997558596,228.6208000946045,276.0968754086508,0.9740399917979229,3.30999755859375,-1.029998779296875
2025-12-11,279.1000061035156,279.5899963378906,273.8099975585937,278.0299987792969,33248000.0,-0.2690293433115887,276.0325012207031,267.43220001220703,228.80915008544923,276.2809823963314,0.9630497582922183,5.779998779296932,1.07000732421875
2025-12-12,277.8999938964844,279.2200012207031,276.82000732421875,278.2799987792969,39532900.0,0.08991835452922814,276.2990005493164,267.8551998901367,229.01405006408692,276.47136490899476,0.9608396671735371,2.399993896484375,-0.3800048828125
2025-12-15,280.1499938964844,280.1499938964844,272.8399963378906,274.1099853515625,50409100.0,-1.4984955605960026,276.3839996337891,268.1769998168945,229.17540000915528,276.2464716178107,1.0240746539244099,7.30999755859375,6.040008544921875
2025-12-16,272.82000732421875,275.5,271.7900085449219,274.6099853515625,37648600.0,0.18240853187405648,276.74149932861326,268.5353994750977,229.3582999420166,276.09061578292994,0.9265949508093406,3.709991455078125,-1.78997802734375
2025-12-17,275.010009765625,276.1600036621094,271.6400146484375,271.8399963378906,50138700.0,-1.0086993049891024,276.9614990234375,268.8425991821289,229.53784996032715,275.68579488340237,0.9611599542893509,4.519989013671875,3.170013427734375
2025-12-18,273.6099853515625,273.6300048828125,266.95001220703125,272.19000244140625,51630700.0,0.1287544541755281,277.14299926757815,269.12519927978514,229.72009994506837,275.3528622698789,0.9580577573651595,6.67999267578125,1.41998291015625
2025-12-19,272.1499938964844,274.6000061035156,269.8999938964844,273.6700134277344,144632000.0,0.5437418615868328,277.51399993896484,269.5177996826172,229.91180000305175,275.19259095157946,0.9374132807704871,4.70001220703125,-1.52001953125
2025-12-22,272.8599853515625,273.8800048828125,270.510009765625,270.9700012207031,36571800.0,-0.9865941003960987,277.4880004882813,270.031799621582,230.07129997253418,274.79043954863886,0.8644136373728891,3.3699951171875,1.889984130859375
2025-12-23,270.8399963378906,272.5,269.5599975585937,272.3599853515625,29642000.0,0.5129660569795913,277.3099990844727,270.5257992553711,230.2956999206543,274.5589677203459,0.785441732219494,2.940002441406307,-1.519989013671875
2025-12-24,272.3399963378906,275.42999267578125,272.20001220703125,273.8099975585937,17910600.0,0.5323881205087977,277.15199890136716,271.0465991210938,230.5605499267578,274.48763722875043,0.7906609836486891,3.22998046875,-1.4700012207030682
2025-12-26,274.1600036621094,275.3699951171875,272.8599853515625,273.3999938964844,21521800.0,-0.14974020881819428,276.94449920654296,271.5277990722656,230.84264991760253,274.384052149487,0.7884297944269102,2.510009765625,0.760009765625
2025-12-29,272.69000244140625,274.3599853515625,272.3500061035156,273.760009765625,23715200.0,0.13168100847762432,276.68999938964845,272.05399932861326,231.16305000305175,274.3246195415001,0.7798236502608514,2.009979248046875,-1.07000732421875
2025-12-30,272.8099975585937,274.0799865722656,272.2799987792969,273.0799865722656,22139600.0,-0.24840121606569676,276.1889984130859,272.46979919433596,231.46099990844726,274.2060830682397,0.6813266128351728,1.79998779296875,-0.26998901367193184
2025-12-31,273.0599975585937,273.67999267578125,271.75,271.8599853515625,27293600.0,-0.44675599849579584,275.4724975585938,272.6621990966797,231.75029983520508,273.9826451904609,0.6139964702497411,1.92999267578125,1.2000122070311932
2026-01-02,272.260009765625,277.8399963378906,269.0,271.010009765625,37838100.0,-0.31265196488491354,274.8154983520508,272.8269995117187,232.04189987182616,273.69953705476223,0.6047329187832329,8.839996337890625,1.25
2026-01-05,270.6400146484375,271.510009765625,266.1400146484375,267.260009765625,45647200.0,-1.3837127282653072,274.1434982299805,273.0031994628906,232.30199989318848,273.08624874151104,0.6201791414370321,5.3699951171875,3.3800048828125
2026-01-06,267.0,267.54998779296875,262.1199951171875,262.3599853515625,52352100.0,-1.8334297070330852,273.32249755859374,273.05879943847657,232.54329978942872,272.06469984723026,0.7099411135960922,5.42999267578125,4.6400146484375
2026-01-07,263.20001220703125,263.67999267578125,259.8099975585937,260.3299865722656,48309800.0,-0.7737455757884204,272.44449615478516,273.0089990234375,232.75359970092774,270.9471081067574,0.7177981457086843,3.869995117187557,2.870025634765625
2026-01-08,257.0199890136719,259.2900085449219,255.6999969482422,259.0400085449219,50419300.0,-0.4955164959399183,271.53749694824216,272.81359924316405,232.94514976501466,269.8130986246778,0.7186094624091598,3.5900115966796875,-2.02001953125
2026-01-09,259.0799865722656,260.2099914550781,256.2200012207031,259.3699951171875,39997000.0,0.127388264893602,270.5669967651367,272.6209991455078,233.12324974060058,268.81851733825016,0.6951993683698641,3.989990234375,-0.290008544921875
2026-01-12,259.1600036621094,261.29998779296875,256.79998779296875,260.25,45263800.0,0.33928553779511983,269.67799682617186,272.4319989013672,233.3168497467041,268.00246806794064,0.7123858927358581,4.5,-1.089996337890625
2026-01-13,258.7200012207031,261.8099975585937,258.3900146484375,261.04998779296875,45730800.0,0.3073920434077726,268.81649627685545,272.22499877929687,233.50284965515138,267.3403270893719,0.7207031457355153,3.419982910156193,-2.329986572265625
2026-01-14,259.489990234375,261.82000732421875,256.7099914550781,259.9599914550781,40019400.0,-0.4175431483854575,268.10899658203124,272.0167987060547,233.71314964294433,266.6374379813439,0.6658476405195772,5.110015869140625,-0.470001220703125
2026-01-15,260.6499938964844,261.0400085449219,257.04998779296875,258.2099914550781,39388600.0,-0.6731805114335909,267.288996887207,271.79999877929686,233.89354957580565,265.83482402646143,0.6632358733637449,3.990020751953125,2.44000244140625
2026-01-16,257.8999938964844,258.8999938964844,254.92999267578125,255.52999877929688,72142800.0,-1.0379120733008063,266.47349700927737,271.5097985839844,234.05524955749513,264.85341209816005,0.6648965395412287,3.970001220703125,2.3699951171875
2026-01-20,252.72999572753903,254.7899932861328,243.4199981689453,246.6999969482422,80267500.0,-3.455563680678142,265.19899673461913,271.04099822998046,234.16929954528808,263.1245154172155,0.9592334445415049,11.3699951171875,6.029998779296847
2026-01-21,248.6999969482422,251.5599975585937,245.17999267578125,247.6499938964844,54641700.0,0.38508186461045923,263.89799575805665,270.5985983276367,234.39159950256348,261.65075146286017,0.950888930366596,6.380004882812443,1.050003051757784
2026-01-22,249.1999969482422,251.0,248.1499938964844,248.3500061035156,39708300.0,0.2826619116832241,262.7669960021973,270.19619842529295,234.691449508667,260.38401380958925,0.9586017074229848,2.8500061035155966,0.8499908447265909
2026-01-23,247.32000732421875,249.41000366210932,244.67999267578125,248.0399932861328,41689000.0,-0.12482899527433977,261.5509963989258,269.7683984375,235.02434944152833,259.2083928073553,0.935904824657189,4.730010986328068,-0.7199859619140625
2026-01-26,251.47999572753903,256.5599975585937,249.8000030517578,255.41000366210932,55969200.0,2.97129921603998,260.63099670410156,269.37159851074216,235.43929946899414,258.84664146018906,1.195286639812959,6.759994506835881,-3.930007934570284
2026-01-27,259.1700134277344,261.95001220703125,258.2099914550781,258.2699890136719,49648300.0,1.1197624644906812,259.87449645996094,269.0675982666016,235.73639938354492,258.7917221795684,1.2388589555328362,3.740020751953125,0.9000244140625
2026-01-28,257.6499938964844,258.8599853515625,254.509994506836,256.44000244140625,41288000.0,-0.7085556394896275,259.00849609375,268.7373980712891,236.06649940490723,258.567748871172,1.238519681622668,4.349990844726506,1.209991455078125
2026-01-29,258.0,259.6499938964844,254.41000366210932,258.2799987792969,67253000.0,0.7175153331668849,258.26849670410155,268.4547979736328,236.3671494293213,258.54034410051725,1.260060889181693,5.239990234375057,-0.279998779296875
2026-01-30,255.1699981689453,261.8999938964844,252.17999267578125,259.4800109863281,92443400.0,0.46461677741320706,257.64949798583984,268.2951983642578,236.65194946289063,258.6298361848802,1.2697987872014822,9.720001220703125,-4.3100128173828125
2026-02-02,260.0299987792969,270.489990234375,259.2099914550781,270.010009765625,73913400.0,4.058115590203082,257.59949798583983,268.3465985107422,236.9912995147705,259.71366224018925,1.5897421443024355,11.279998779296875,-9.980010986328125
2026-02-03,269.20001220703125,271.8800048828125,267.6099853515625,269.4800109863281,64394700.0,-0.19628856713753695,257.710498046875,268.36499877929685,237.36734954833983,260.64379069220246,1.5574478257569366,4.27001953125,-0.279998779296875
2026-02-04,272.2900085449219,278.95001220703125,272.2900085449219,276.489990234375,90545700.0,2.6012984125945104,258.4169982910156,268.5697985839844,237.76489952087402,262.15295255336173,1.5901113150636645,6.660003662109375,-4.199981689453125
2026-02-05,278.1300048828125,279.5,273.2300109863281,275.9100036621094,52977400.0,-0.20976765624461935,259.1959991455078,268.65819885253904,238.17864952087402,263.463147897052,1.5754756402856895,6.269989013671875,2.220001220703125
2026-02-06,277.1199951171875,280.9100036621094,276.92999267578125,278.1199951171875,50453400.0,0.8009827210848641,260.1499984741211,268.70219848632814,238.57054946899413,264.8590381084935,1.567553801835406,3.980010986328125,-1.0
2026-02-09,277.9100036621094,278.20001220703125,271.70001220703125,274.6199951171875,44623400.0,-1.258449612198953,260.9124984741211,268.6551983642578,238.9206494140625,265.78865306170246,1.6088169658926628,6.5,3.290008544921875
2026-02-10,274.8900146484375,275.3699951171875,272.94000244140625,273.67999267578125,34376900.0,-0.3422920610733904,261.58399810791013,268.5777984619141,239.24719940185548,266.5402092154243,1.6151094833555533,2.42999267578125,1.21002197265625
2026-02-11,274.70001220703125,280.17999267578125,274.45001220703125,275.5,51931300.0,0.6650129249217152,262.3064987182617,268.51079833984375,239.57829940795898,267.3935226234791,1.617590357333283,5.72998046875,-0.79998779296875
2026-02-12,275.5899963378906,275.7200012207031,260.17999267578125,261.7300109863281,81077200.0,-4.998181130189428,262.3949996948242,268.0833984375,239.8362494659424,266.8541405627981,2.000764496955155,15.540008544921875,13.8599853515625
2026-02-13,262.010009765625,262.2300109863281,255.4499969482422,255.77999877929688,56290700.0,-2.2733396848946263,262.2735000610352,267.47519836425784,240.05909942626954,265.79946039294083,2.062380050559294,6.7800140380859375,6.230010986328125
2026-02-17,258.04998779296875,266.2900085449219,255.5399932861328,263.8800048828125,58469100.0,3.1667863563111576,262.6910003662109,267.0697985839844,240.3159994506836,265.61665510626193,2.165624748246453,10.750015258789062,-5.83001708984375
2026-02-18,263.6000061035156,266.82000732421875,262.45001220703125,264.3500061035156,34203300.0,0.17811172199722058,263.5735008239746,266.74279846191405,240.57114944458007,265.49602186790514,1.9895416971899833,4.3699951171875,-0.75
2026-02-19,262.6000061035156,264.4800109863281,260.04998779296875,260.5799865722656,30845300.0,-1.4261469431454121,264.22000045776366,266.37879821777346,240.84729934692382,265.0278280302252,2.0294015292244203,4.430023193359375,2.02001953125
2026-02-20,258.9700012207031,264.75,258.1600036621094,264.5799865722656,42070500.0,1.5350373037534393,265.0314994812012,266.11259765625,241.1757492828369,264.9851764628005,2.048897232260518,6.589996337890625,-5.6099853515625
2026-02-23,263.489990234375,269.42999267578125,263.3800048828125,266.17999267578125,37308200.0,0.6047343656806037,265.9384994506836,265.89259765625,241.51409927368164,265.0989684830844,2.046734881154337,6.04998779296875,-2.69000244140625
2026-02-24,267.8599853515625,274.8900146484375,267.7099914550781,272.1400146484375,47014600.0,2.2390946489790453,266.775,265.7597979736328,241.89354934692383,265.7695443083561,2.003923056298434,7.180023193359375,-4.280029296875
2026-02-25,271.7799987792969,274.94000244140625,271.04998779296875,274.2300109863281,33714300.0,0.7679856784716499,267.5730010986328,265.6837982177734,242.27724937438964,266.5753030395915,1.9982257951422695,3.8900146484375,-2.45001220703125
2026-02-26,274.95001220703125,276.1099853515625,270.79998779296875,272.95001220703125,32345100.0,-0.4667610137537803,268.39850158691405,265.57719848632814,242.64934944152833,267.18241819839534,1.9924026115961984,5.30999755859375,2.0
2026-02-27,272.8099975585937,272.8099975585937,262.8900146484375,264.17999267578125,72366500.0,-3.2130496937285313,268.6935012817383,265.3785986328125,242.91629943847656,266.89647291052734,2.1406503228598672,9.919982910156193,8.630004882812443
2026-03-02,262.4100036621094,266.5299987792969,260.20001220703125,264.7200012207031,41827900.0,0.2044093269336189,268.955500793457,265.1807989501953,243.17524948120118,266.68918989244884,2.139331084352319,6.329986572265625,-2.30999755859375
2026-03-03,263.4800109863281,265.5599975585937,260.1300048828125,263.75,38568900.0,-0.36642536122324376,268.64250030517576,265.0189990234375,243.4323494720459,266.4092670455489,1.9293241205763685,5.429992675781193,-0.269989013671875
2026-03-04,264.6499938964844,266.1499938964844,261.4200134277344,262.5199890136719,39803100.0,-0.4663548763329417,268.294499206543,264.82559875488283,243.68769943237305,266.0388596139416,1.9309825925332156,4.72998046875,2.1300048828125
2026-03-05,260.7900085449219,261.5599975585937,257.25,260.2900085449219,49658600.0,-0.8494516844711031,267.4845001220703,264.55799865722656,243.93284950256347,265.4913499883207,1.8270722878284127,4.309997558593693,0.5
2026-03-06,258.6300048828125,258.7699890136719,254.3699951171875,257.4599914550781,41120000.0,-1.0872553678353492,266.56199951171874,264.28779846191406,244.1762494659424,264.72645869944046,1.835675934947027,4.399993896484375,1.170013427734375
2026-03-09,255.69000244140625,261.1499938964844,253.67999267578125,259.8800048828125,38218500.0,0.9399570838394267,265.65,264.03819885253904,244.44134948730468,264.2648916692854,1.8404364360202445,7.470001220703125,-4.19000244140625
2026-03-10,257.6499938964844,262.4800109863281,256.95001220703125,260.8299865722656,30590800.0,0.36554627966916,264.9604995727539,263.7785986328125,244.73504943847655,263.9377578505216,1.832770427675292,5.529998779296875,-3.17999267578125
2026-03-11,261.0899963378906,262.1300048828125,259.54998779296875,260.8099975585937,26218900.0,-0.007663617950770529,264.3169998168945,263.52679870605465,245.03229942321778,263.63987591795706,1.8333256343789377,2.58001708984375,0.27999877929693184
2026-03-12,258.6600036621094,258.95001220703125,254.17999267578125,255.759994506836,40794000.0,-1.9362766377938212,263.32999954223635,263.1667984008789,245.33474937438965,262.88941102165984,1.858999698517865,4.77001953125,2.9000091552733807
2026-03-13,255.47999572753903,256.3299865722656,249.5200042724609,250.1199951171875,36930000.0,-2.2051921765652627,262.7494987487793,262.70759857177734,245.58429931640626,261.67327617361485,1.5750146878316857,6.809982299804716,5.360000610351534
2026-03-16,252.1100006103516,253.88999938964844,249.8800048828125,252.82000732421875,32074200.0,1.079486750256109,262.6014991760254,262.3267990112305,245.8462993621826,260.8301077117676,1.5219163756148715,4.0099945068359375,-0.7100067138671591
2026-03-17,252.9600067138672,255.1300048828125,252.17999267578125,254.22999572753903,32361600.0,0.5577044389181163,262.1189987182617,261.99119873046874,246.1176993560791,260.20152561803155,1.3318832051061735,2.95001220703125,-1.2699890136718466
2026-03-18,252.6300048828125,254.94000244140625,249.0,249.94000244140625,35757900.0,-1.6874457610149274,261.39849853515625,261.6447985839843,246.36314933776856,259.2242376964482,1.370427087180355,5.94000244140625,2.69000244140625
2026-03-19,249.3999938964844,251.8300018310547,247.3000030517578,248.9600067138672,34864100.0,-0.39209238936004365,260.8174995422363,261.37679901123045,246.5994493865967,258.2466918885833,1.343796139646149,4.529998779296875,0.4399871826172159
2026-03-20,247.97999572753903,249.1999969482422,246.0,247.9900054931641,88331100.0,-0.3896213024359052,259.9880004882813,261.12999938964845,246.8230493927002,257.2698646128291,1.2789068142992337,3.1999969482421875,-0.010009765625056843
2026-03-23,253.97000122070312,254.6000061035156,250.27999877929688,251.4900054931641,40546100.0,1.411347200480817,259.25350112915044,260.97899932861327,247.06639938354493,256.7194018395277,1.321462143402276,4.320007324218722,2.479995727539034
2026-03-24,250.3500061035156,254.8300018310547,249.5500030517578,251.63999938964844,45152300.0,0.05964209042430557,258.22850036621094,260.8243994140625,247.3214493560791,256.23564922525344,1.186155795428145,5.279998779296875,-1.289993286132841
2026-03-25,254.1000061035156,255.0,251.6000061035156,252.6199951171875,28476700.0,0.389443542328749,257.1479995727539,260.67179931640624,247.5649493408203,255.89130121496146,1.1697113420990568,3.3999938964844034,1.4800109863280966
2026-03-26,252.1199951171875,257.0,250.7700042724609,252.88999938964844,41796700.0,0.10688159198788405,256.14499893188474,260.5085995483398,247.82214935302736,255.60546294588403,1.1750863659618949,6.229995727539091,-0.7700042724609375
2026-03-27,253.8999938964844,255.4900054931641,248.07000732421875,248.8000030517578,47900000.0,-1.6173025219509918,255.3759994506836,260.28539978027345,248.0527993774414,254.9573239083482,1.0155380189741283,7.419998168945341,5.099990844726591
2026-03-30,250.07000732421875,250.8699951171875,245.509994506836,246.6300048828125,39446200.0,-0.8721857485242457,254.47149963378905,260.0538000488281,248.29204940795898,254.16424590591623,1.0162318925922607,5.360000610351506,3.44000244140625
2026-03-31,247.91000366210932,255.47999572753903,247.1000061035156,253.7899932861328,49598100.0,2.9031294901536553,253.9734992980957,260.01899993896484,248.56499938964845,254.1286027992702,1.249403966280559,8.379989624023438,-5.879989624023494
2026-04-01,254.0800018310547,256.17999267578125,253.3300018310547,255.6300048828125,40059400.0,0.7250134541771258,253.62900009155274,260.1976000976563,248.86089942932128,254.27159347389326,1.2635979865301528,2.8499908447265625,-1.5500030517578125
2026-04-02,254.1999969482422,256.1300048828125,250.6499938964844,255.9199981689453,31289400.0,0.11344258521832629,253.4104995727539,260.36300018310544,249.1483994293213,254.42858439723153,1.2528534575395474,5.480010986328097,-1.720001220703125
2026-04-06,256.510009765625,262.1600036621094,256.4599914550781,258.8599853515625,29329900.0,1.1487914987700076,253.48049926757812,260.5731997680664,249.46449935913085,254.85062258335827,1.2577322318434572,5.70001220703125,-2.3499755859375
2026-04-07,256.1600036621094,256.20001220703125,245.6999969482422,253.5,62148000.0,-2.0706117804507373,253.1614990234375,260.6823999023438,249.74909934997558,254.72199186113366,1.3221825719102893,10.500015258789062,2.660003662109375
2026-04-08,258.45001220703125,259.75,256.5299987792969,258.8999938964844,41032800.0,2.130175107094434,253.06499938964845,260.75219970703125,250.038599319458,255.11989681688135,1.4118395784570918,3.220001220703125,-0.449981689453125
2026-04-09,259.0,261.1199951171875,256.07000732421875,260.489990234375,28121600.0,0.6141353323192211,253.0489990234375,260.7965997314453,250.33354927062987,255.63133428521408,1.4191307003883538,5.04998779296875,-1.489990234375
2026-04-10,259.9800109863281,262.19000244140625,259.0199890136719,260.4800109863281,31291500.0,-0.0038309525974056235,253.2849998474121,260.87739990234377,250.63444931030273,256.0931130186535,1.3439064552530526,3.170013427734375,-0.5
2026-04-13,259.7300109863281,260.17999267578125,256.6600036621094,259.20001220703125,36234700.0,-0.4914000020385667,253.7390007019043,260.89580017089844,250.92264938354492,256.3890081794514,1.2397885946170808,3.519989013671875,0.529998779296875
2026-04-14,259.25,261.92999267578125,257.19000244140625,258.8299865722656,48370700.0,-0.1427567968129817,254.03949966430665,260.8827996826172,251.21179931640626,256.6214823121004,1.2234304758012495,4.739990234375,0.420013427734375
2026-04-15,258.1600036621094,266.5599975585937,257.8099975585937,266.42999267578125,49913500.0,2.9362927395561567,254.64949951171874,260.81119934082034,251.5385492706299,257.5556261562605,1.3740815832151143,8.75,-8.269989013671875
2026-04-16,266.79998779296875,267.1600036621094,261.2699890136719,263.3999938964844,43323100.0,-1.1372588907376024,255.32249908447267,260.6895989990234,251.82969924926758,258.1122326077104,1.3384329884474104,5.8900146484375,3.399993896484375
2026-04-17,266.9599914550781,272.29998779296875,266.7200012207031,270.2300109863281,61436200.0,2.5930209749845057,256.3859992980957,260.5643994140625,252.14174926757812,259.2663067390073,1.4242787794707146,5.579986572265625,-3.27001953125
2026-04-20,270.3299865722656,274.2799987792969,270.2900085449219,273.04998779296875,36590200.0,1.043546864520284,257.6389984130859,260.5071990966797,252.44479919433593,260.579038267956,1.4174206848872688,3.989990234375,-2.720001220703125
2026-04-21,271.5,272.79998779296875,265.3999938964844,266.1700134277344,50209800.0,-2.5196757637106715,258.3729988098145,260.2681994628906,252.70789924621582,261.1115120926968,1.5496128678852368,7.399993896484375,5.329986572265625
2026-04-22,267.82000732421875,273.739990234375,266.8699951171875,273.1700134277344,43249200.0,2.6298980526972437,259.4494995117187,260.23919982910155,253.0239993286133,262.2599407912718,1.6333459794083554,6.8699951171875,-5.350006103515625
2026-04-23,275.04998779296875,275.7699890136719,271.6499938964844,273.42999267578125,33399600.0,0.09517122497622044,260.48999938964846,260.23419982910156,253.341099319458,263.32375525646313,1.634997670450434,4.1199951171875,1.6199951171875
2026-04-24,272.760009765625,273.0599975585937,269.6499938964844,271.0599975585937,38157100.0,-0.8667648687676222,261.39849929809566,260.1453997802734,253.64069931030272,264.0605402376184,1.6587958094335389,3.410003662109318,1.7000122070313068
2026-04-27,266.0899963378906,268.3599853515625,265.07000732421875,267.6099853515625,41466800.0,-1.2727854490168444,262.3389984130859,260.26299926757815,253.91669921875,264.3985826294226,1.6388446276355804,3.28997802734375,-1.519989013671875
2026-04-28,272.3399963378906,273.2300109863281,268.6600036621094,270.7099914550781,40018900.0,1.1584044965448959,263.5429977416992,260.56159912109376,254.21444915771485,264.99966918424695,1.6201245779158824,4.57000732421875,1.6300048828125
2026-04-29,267.54998779296875,271.0400085449219,267.0400085449219,270.1700134277344,30047900.0,-0.19946734305643643,264.36199874877923,260.68739929199216,254.52219924926757,265.49208292172193,1.5213518956320125,4.0,-2.620025634765625
2026-04-30,270.5,276.0,268.1400146484375,271.3500061035156,91848200.0,0.4367593060422559,265.1479988098144,260.8273992919922,254.8333992767334,266.049980367607,1.518717687207809,7.8599853515625,-0.850006103515625
2026-05-01,278.8599853515625,287.2200012207031,278.3699951171875,280.1400146484375,79915400.0,3.2393618379240596,266.35899963378904,261.2185998535156,255.18329933166504,267.3918883943528,1.6524154286602224,8.850006103515625,-1.280029296875
2026-05-04,279.6600036621094,280.6300048828125,274.8599853515625,276.8299865722656,46668400.0,-1.1815620415119188,267.2574996948242,261.46359985351563,255.51734924316406,268.29075488748737,1.6836054925278243,5.77001953125,2.83001708984375
2026-05-05,276.92999267578125,284.57000732421875,276.5,284.17999267578125,49311700.0,2.6550613950909296,268.79149932861327,261.82359985351565,255.88234924316407,269.80401562922964,1.6574836105711594,8.07000732421875,-7.25
2026-05-06,281.9200134277344,288.0299987792969,281.07000732421875,287.510009765625,58336100.0,1.171798569803939,270.2220001220703,262.13099975585936,256.2574993133545,271.49030078507684,1.624000797391287,6.959991455078125,-5.589996337890625
2026-05-07,289.2699890136719,292.1300048828125,285.7799987792969,287.44000244140625,45224300.0,-0.024349525874178823,271.5695007324219,262.39519958496095,256.6226993560791,273.00931999044155,1.6286920727681782,6.350006103515625,1.829986572265625
2026-05-08,290.010009765625,294.760009765625,290.0,293.32000732421875,52692800.0,2.045645989726541,273.2115005493164,262.8025994873047,257.0185494232178,274.943671165087,1.6591182465373577,4.760009765625,-3.30999755859375
2026-05-11,291.9800109863281,293.8800048828125,290.2300109863281,292.67999267578125,42247300.0,-0.21819672455212213,274.88549957275393,263.3725994873047,257.4131494140625,276.63284464229594,1.650689459792507,3.649993896484375,-0.699981689453125
2026-05-12,292.5599975585937,295.2699890136719,292.5599975585937,294.79998779296875,45748100.0,0.7243389265544797,276.6839996337891,263.97419921875,257.8177493286133,278.3630487518838,1.6409012254054325,2.709991455078182,-2.239990234375057
2026-05-13,293.5,300.9200134277344,293.5,298.8699951171875,52684300.0,1.3805995565634221,278.3059997558594,264.6765991210938,258.24184928894044,280.31609126286514,1.5625943369706574,7.420013427734375,-5.3699951171875
2026-05-14,299.82000732421875,300.45001220703125,295.3800048828125,298.2099914550781,35324900.0,-0.220833028705536,280.04649963378904,265.39039916992186,258.6765492248535,282.0202722335521,1.5222665302677594,5.07000732421875,1.610015869140625
2026-05-15,297.8999938964844,303.20001220703125,296.5199890136719,300.2300109863281,54862800.0,0.6773815730967137,281.54649963378904,266.18919921875,259.1324492645264,283.7545330671498,1.4510853749395123,6.680023193359375,-2.33001708984375
2026-05-18,300.239990234375,300.6600036621094,294.9100036621094,297.8399963378906,34483000.0,-0.7960612067346995,282.78600006103517,266.9967993164062,259.5837992095947,285.0960057596013,1.475434241578071,5.75,2.399993896484375
2026-05-19,296.9700012207031,300.510009765625,296.3500061035156,298.9700012207031,42243600.0,0.3793999787491842,284.4259994506836,267.7785992431641,260.0667491912842,286.41733866065863,1.3008442180215045,4.160003662109375,-2.0
2026-05-20,298.17999267578125,302.79998779296875,298.0799865722656,302.25,38229800.0,1.09709963070026,285.8799987792969,268.60699951171875,260.5612491607666,287.9252111691673,1.2168190996392163,4.720001220703125,-4.07000732421875
2026-05-21,301.0599975585937,305.5400085449219,300.3999938964844,304.989990234375,42965100.0,0.9065310949131433,287.45799865722654,269.4905993652344,261.07159912109375,289.55042822299663,1.2156434782288499,5.1400146484375,-3.929992675781307
2026-05-22,306.1199951171875,311.3999938964844,305.8399963378906,308.82000732421875,43670200.0,1.2557845216167651,289.3459991455078,270.551799621582,261.54944915771483,291.38562623263687,1.177062271586719,5.55999755859375,-2.70001220703125
2026-05-26,309.5599975585937,311.82000732421875,307.6700134277344,308.3299865722656,48000500.0,-0.1586751960143129,291.38199920654296,271.71599945068357,261.9909490966797,292.99937483641105,1.1048906190816679,4.149993896484375,1.2300109863280682
2026-05-27,308.3299865722656,313.260009765625,308.29998779296875,310.8500061035156,50430900.0,0.8173125031610828,293.38899993896484,272.87659942626954,262.3984490966797,294.69943495708765,1.100332852670176,4.96002197265625,-2.52001953125
2026-05-28,310.67999267578125,312.79998779296875,309.57000732421875,312.510009765625,48220400.0,0.5340207912225559,295.50599975585936,274.0421997070313,262.8250991821289,296.39568017694836,1.0808478162162707,3.22998046875,-1.83001708984375
2026-05-29,311.7799987792969,315.0,309.5299987792969,312.0599975585937,70026800.0,-0.1439992937726342,297.54149932861327,275.284599609375,263.23714920043943,297.88751992758125,1.0969930220930453,5.470001220703125,-0.27999877929681816
2026-06-01,309.6300048828125,310.94000244140625,305.0199890136719,306.3099975585937,48849900.0,-1.8425943872925732,298.8499984741211,276.43159942626954,263.60204917907714,298.6896606543443,1.0677343526182999,5.920013427734375,3.320007324218807
2026-06-02,307.4599914550781,315.45001220703125,306.69000244140625,315.20001220703125,44534700.0,2.902293336585271,300.76849975585935,277.7757995605469,264.0141492462158,300.26207508793357,1.1275253988357643,8.760009765625,-7.740020751953125
2026-06-03,314.17999267578125,316.94000244140625,308.8500061035156,310.260009765625,50836700.0,-1.5672595971098935,302.07250061035154,278.95119964599604,264.4074993133545,301.21425934295183,1.1290358939557261,8.089996337890625,3.91998291015625
2026-06-04,313.2300109863281,313.5400085449219,309.6499938964844,311.2300109863281,44869100.0,0.31264139436979477,303.25850067138674,280.14299987792964,264.8091993713379,302.1681404518448,1.1162397581117356,3.8900146484375,2.0
2026-06-05,312.8599853515625,315.1700134277344,307.1499938964844,307.3399963378906,65310500.0,-1.249884172837168,304.2535003662109,281.2373999023437,265.1930993652344,302.6606981552777,1.1731259829655811,8.02001953125,5.519989013671875
2026-06-08,308.739990234375,317.3999938964844,301.1700134277344,301.5400085449219,77949100.0,-1.887156849768501,304.6645004272461,282.2104000854492,265.57074943542483,302.5539658114343,1.2017508886249142,16.22998046875,7.199981689453125
2026-06-09,300.2799987792969,300.75,287.7799987792969,290.54998779296875,70108800.0,-3.6446310408311478,304.5580001831055,283.0453997802734,265.8989994049072,301.4107298096757,1.4704673003471287,12.970001220703125,9.730010986328125
2026-06-10,290.739990234375,294.75,287.3800048828125,291.5799865722656,52793300.0,0.3544996808021894,304.3970001220703,283.94439941406245,266.21809936523437,300.47446854897,1.4628379676169685,7.3699951171875,-0.839996337890625
2026-06-11,293.7200012207031,297.0,289.5899963378906,295.6300048828125,42572500.0,1.3889904990249002,304.23500061035156,284.7811996459961,266.5604493713379,300.013091056955,1.4632693959510896,7.410003662109375,-1.910003662109375
2026-06-12,296.0299987792969,297.1400146484375,289.6199951171875,291.1300048828125,38742100.0,-1.5221729613622226,303.8810012817383,285.49119964599606,266.86954940795897,299.1670828498938,1.5000065161510658,7.52001953125,4.899993896484375
2026-06-15,294.1199951171875,297.7799987792969,291.70001220703125,296.4200134277344,45732600.0,1.8170605764429082,303.6905014038086,286.30119995117184,267.1991994476318,298.9054571906405,1.5522052199757308,6.079986572265625,-2.300018310546875
2026-06-16,295.25,300.4800109863281,293.9700012207031,299.239990234375,39874400.0,0.9513449426140408,303.7605010986328,287.10880004882813,267.5325994110107,298.93731748051994,1.557309940986547,6.510009765625,-3.989990234375
2026-06-17,300.8500061035156,302.07000732421875,294.3599853515625,295.95001220703125,42745100.0,-1.0994446379867018,303.60950164794923,287.9578002929687,267.85164947509764,298.65281221637815,1.575105085077678,7.71002197265625,4.899993896484375
2026-06-18,298.1099853515625,300.57000732421875,295.6199951171875,298.010009765625,85962200.0,0.6960626705947437,303.39750213623046,288.74000061035156,268.19309951782225,298.591592935354,1.5623832738604713,4.95001220703125,0.0999755859375
2026-06-22,297.3099975585937,302.4200134277344,296.760009765625,297.010009765625,44879900.0,-0.3355591984264161,302.99850311279295,289.47040100097655,268.48579956054687,298.4409659668084,1.5465917296501588,5.660003662109375,0.29998779296869316
2026-06-23,297.5400085449219,301.6400146484375,294.17999267578125,294.29998779296875,52010900.0,-0.912434558954689,302.27250213623046,290.14680053710936,268.7583995056152,298.0465870931094,1.5207763194073303,7.46002197265625,3.240020751953125
2026-06-24,295.3599853515625,299.70001220703125,292.94000244140625,293.0799865722656,53081900.0,-0.4145434153267291,301.51000213623047,290.82440002441405,269.02534942626954,297.5735775196957,1.5212255058079944,6.760009765625,2.279998779296875
2026-06-25,287.3999938964844,288.79998779296875,273.75,275.1499938964844,107013700.0,-6.117781321571137,299.7250015258789,291.15080017089844,269.2116993713379,295.4379981270089,1.9863020174683936,15.04998779296875,12.25
2026-06-26,275.0,285.95001220703125,274.2099914550781,283.7799987792969,261775500.0,3.136472859984596,298.2885009765625,291.49780029296875,269.4588493347168,294.32771247484584,2.142821496819799,11.740020751953125,-8.779998779296875
2026-06-29,286.7300109863281,288.3699951171875,279.8500061035156,281.739990234375,66427000.0,-0.7188697419469814,296.7725006103516,291.8646002197266,269.733599319458,293.1288817852772,2.1422306119310943,8.519989013671875,4.990020751953125
2026-06-30,281.1700134277344,289.94000244140625,280.70001220703125,289.3599853515625,65100200.0,2.704619642688466,295.925,292.24719970703126,270.0302492523193,292.76993926778056,2.2303495809414393,9.239990234375,-8.189971923828125
2026-07-01,293.44000244140625,296.5899963378906,289.20001220703125,294.3800048828125,50164200.0,1.7348699838890536,294.8839996337891,292.6738000488281,270.33179924011233,292.92327885016454,2.1573048190456436,7.389984130859375,-0.94000244140625
2026-07-02,294.1199951171875,309.4200134277344,293.67999267578125,308.6300048828125,75352800.0,4.84068203126522,294.80249938964846,293.5229998779297,270.69144927978516,294.41915751994054,2.4217438817482155,15.740020751953125,-14.510009765625
2026-07-06,307.3599853515625,314.20001220703125,307.0,312.6600036621094,53590000.0,1.305770247720095,294.8739990234375,294.3127996826172,271.0639993286133,296.15638096205186,2.4385775453554888,7.20001220703125,-5.300018310546875
2026-07-07,315.2900085449219,315.4800109863281,310.1499938964844,310.6600036621094,42490000.0,-0.6396724801939757,295.0399993896484,295.0573999023438,271.422349319458,297.53767836205736,2.425220311221468,5.33001708984375,4.6300048828125
2026-07-08,311.9100036621094,314.82000732421875,307.04998779296875,313.3900146484375,41323500.0,0.8787777487112347,295.6324996948242,295.9040002441406,271.7998993682861,299.047424675046,2.385564675337146,7.77001953125,-1.480010986328125
2026-07-09,310.510009765625,316.5299987792969,308.1600036621094,316.2200012207031,48124500.0,0.9030238488741738,296.91600036621094,296.87620056152343,272.15349937438964,300.6829081555848,2.2079129211903807,8.3699951171875,-5.709991455078125
2026-07-10,314.7200012207031,316.9100036621094,312.1700134277344,315.32000732421875,34132300.0,-0.28461004775477416,298.1030014038086,297.7684008789063,272.4496994781494,302.0769176002166,2.2139477874278404,4.739990234375,-0.600006103515625
2026-07-13,317.0199890136719,323.45001220703125,315.7799987792969,317.3099975585937,43257800.0,0.631101797587097,299.18700103759767,298.7112005615234,272.76409950256345,303.527687120062,2.202869037905618,7.670013427734375,-0.29000854492181816
2026-07-14,313.760009765625,316.19000244140625,311.9100036621094,314.8599853515625,36336800.0,-0.7721194497121942,300.37350006103514,299.5814001464844,273.07684944152834,304.60695361830017,2.175030478872433,4.279998779296875,-1.0999755859375
2026-07-15,317.6199951171875,328.7300109863281,317.32000732421875,327.5,60957600.0,4.01448746633335,301.92749938964846,300.52859985351563,273.4299994659424,306.78724374989065,2.301400625052571,11.410003662109375,-9.8800048828125
2026-07-16,328.010009765625,334.67999267578125,326.7900085449219,333.260009765625,62970600.0,1.7587816078244334,303.6285003662109,301.65720031738283,273.81899948120116,309.308459560913,2.316305194861287,7.889984130859375,-5.25
2026-07-17,331.9800109863281,334.989990234375,329.0,333.739990234375,63407100.0,0.14402582208634662,305.51799926757815,302.64840026855467,274.21554946899414,311.6352720060046,2.2857506209451057,5.989990234375,-1.759979248046875
2026-07-20,333.510009765625,333.7099914550781,323.67999267578125,326.5899963378906,53468000.0,-2.1423845225929217,306.9469985961914,303.43,274.57534942626955,313.05953146618424,2.367922231941183,10.029998779296875,6.920013427734375
2026-07-21,323.1300048828125,329.6000061035156,322.2200012207031,327.739990234375,41338900.0,0.3521215926328036,308.4834976196289,304.2359997558594,274.9367993927002,314.4576703964881,2.360349501486976,7.3800048828125,-4.6099853515625
2026-07-22,327.8699951171875,329.0,323.3399963378906,325.8900146484375,38755900.0,-0.5644644050347813,310.06299896240233,304.88739990234376,275.2805994415283,315.54646508714995,2.3504960846457523,5.660003662109375,1.97998046875
2026-07-23,321.7300109863281,323.29998779296875,319.3500061035156,321.6600036621094,40840800.0,-1.2979872951588756,311.4919998168945,305.4670001220703,275.5987995147705,316.12870685619373,2.3774758162622764,3.949981689453125,0.07000732421875
2026-07-24,321.7900085449219,334.3699951171875,321.6199951171875,333.0199890136719,47489400.0,3.5316748188238156,314.38549957275393,306.23140014648436,275.9804494476318,317.73740039500115,1.8954841519993908,12.75,-11.22998046875
2026-07-27,334.5400085449219,339.57000732421875,334.0199890136719,336.9100036621094,49604300.0,1.1681024493330971,317.04199981689453,306.9922003173828,276.38259941101074,319.5633626109162,1.8272664587055487,5.550018310546875,-2.3699951171875
2026-07-28,340.0299987792969,342.8900146484375,335.6000061035156,340.0799865722656,51859000.0,0.9408990162653286,319.95899963378906,307.82960021972656,276.7926993560791,321.5173267977114,1.7882272368822825,7.290008544921875,-0.04998779296875
2026-07-29,339.7300109863281,344.57000732421875,337.3500061035156,338.19000244140625,56090800.0,-0.5557469435084728,322.40050048828124,308.58880004882815,277.2134494018555,323.10520066853945,1.7693617402620923,7.220001220703125,1.540008544921875
2026-07-30,333.1000061035156,334.75,329.5899963378906,333.42999267578125,74817800.0,-1.4074957069287408,324.3529998779297,309.30059997558595,277.6542493438721,324.0885141930387,1.8205112192036086,5.160003662109375,-0.329986572265625
2026-07-31,304.8099975585937,310.69000244140625,300.0,308.9100036621094,132489100.0,-7.353864245054432,324.3669998168945,309.49940002441406,277.9604993438721,322.6429417615216,2.3146877331806928,10.69000244140625,-4.100006103515682
2026-08-03,309.5799865722656,311.79998779296875,302.5599975585937,303.4200134277344,75052000.0,-1.7772134826620989,323.9050003051758,309.5228002929687,278.23874938964843,320.81218668211335,2.3279108663251886,9.239990234375057,6.15997314453125
2026-08-04,302.7300109863281,310.4200134277344,301.32000732421875,309.3800048828125,68001000.0,1.9642710405777475,323.84100036621095,309.6106005859375,278.53894943237304,319.72340746313233,2.369967866340734,9.100006103515625,-6.649993896484375
2026-08-05,309.3599853515625,311.7099914550781,305.6700134277344,311.0,49438800.0,0.5236263144417164,323.72149963378905,309.6542004394531,278.85669944763185,318.8926067523578,2.364412685945454,6.03997802734375,-1.6400146484375
2026-08-06,314.3399963378906,316.2900085449219,309.2300109863281,312.4100036621094,46139900.0,0.4533773833149013,323.5309997558594,309.73580078125,279.15729949951174,318.27521598185797,2.3573895885189233,7.05999755859375,1.92999267578125
2026-08-07,311.45001220703125,314.8099975585937,310.739990234375,313.3299865722656,34437200.0,0.29447933784836344,323.4314987182617,309.785400390625,279.41274948120116,317.804241752373,2.3577015189404964,4.070007324218693,-1.879974365234375
2026-08-10,306.8299865722656,308.260009765625,304.6099853515625,308.260009765625,44812500.0,-1.61809498736607,322.97899932861327,309.700400390625,279.64019958496095,316.89526727744465,2.379320492415453,3.6500244140625,-1.430023193359375
2026-08-11,307.75,309.9700012207031,302.7900085449219,304.9100036621094,37476700.0,-1.0867469011185404,322.48150024414065,309.5574005126953,279.8724995422363,315.75381359979366,2.384912237858608,7.17999267578125,2.839996337890625
2026-08-12,305.1000061035156,305.6600036621094,300.57000732421875,302.25,41657800.0,-0.8723897642456846,321.2190002441406,309.47620056152346,280.085849609375,314.467736114099,2.1790895131619634,5.089996337890625,2.850006103515625
2026-08-13,304.2099914550781,306.0,302.04998779296875,305.260009765625,40349300.0,0.9958675816790663,319.8190002441406,309.2774005126953,280.29804962158204,313.5908097951967,2.1461582297019466,3.95001220703125,-1.050018310546875
2026-08-14,306.0,307.489990234375,304.29998779296875,305.92999267578125,28229400.0,0.2194794236790587,318.4285003662109,309.19080017089846,280.483649597168,312.8612081647762,2.1472594201429445,3.19000244140625,0.07000732421875
2026-08-17,306.2099914550781,307.6600036621094,302.94000244140625,305.5899963378906,38169300.0,-0.11113534012042736,317.3785003662109,309.0779998779297,280.6665995788574,312.1687118003109,2.1087811646167642,4.720001220703125,0.6199951171875
2026-08-18,307.5799865722656,311.489990234375,305.739990234375,310.0299987792969,53424500.0,1.4529279409058127,316.49300079345704,309.1317999267578,280.8682495117188,311.9650248459286,2.1410924376854754,5.75,-2.45001220703125
2026-08-19,310.1400146484375,319.2799987792969,309.6000061035156,316.8299865722656,50505600.0,2.1933322000267097,316.0399993896484,309.4375994873047,281.0953994750977,312.42835453415114,2.2078766838288177,9.67999267578125,-6.689971923828125
2026-08-20,317.4599914550781,320.2799987792969,310.6499938964844,311.29998779296875,40959200.0,-1.7454152112068244,315.5219985961914,309.8525994873047,281.30004943847655,312.32089103499095,2.222688593582537,9.6300048828125,6.160003662109375
2026-08-21,312.04998779296875,312.3800048828125,307.010009765625,309.3500061035156,46876800.0,-0.6263995393247401,314.33849945068357,310.2079998779297,281.5015495300293,312.0379496129457,2.0488968473512275,5.3699951171875,2.699981689453125
2026-08-24,311.4700012207031,313.3599853515625,309.9700012207031,310.3399963378906,34673600.0,0.3200226975407672,313.00999908447267,310.50219970703125,281.70304946899415,311.8762397772262,2.0245118856230166,3.389984130859375,1.1300048828125
2026-08-25,310.7900085449219,313.5899963378906,308.2099914550781,309.8999938964844,25869800.0,-0.14178077160482694,311.5009994506836,310.8775994873047,281.9018493652344,311.6880258838222,2.0014000268813774,5.3800048828125,0.8900146484375
2026-08-26,310.29998779296875,315.42999267578125,308.79998779296875,313.45001220703125,34024500.0,1.1455367474878742,310.26399993896484,311.21819946289065,282.1202494812012,311.8558341050802,2.0323136070534416,6.6300048828125,-3.1500244140625
2026-08-27,310.54998779296875,315.3999938964844,309.3999938964844,314.5799865722656,32419200.0,0.3604958753321119,309.3214996337891,311.5249993896484,282.35079940795896,312.1152771971931,2.022729956872896,6.0,-4.029998779296875
